Version CSV3|Tool WebUI|Linebreaks CR/LF|Delimiter comma;;;;;;;;;;;;;;;;;;;;;;;;;;;;;;;;;
;;;;;;;;;;;;;;;;;;;;;;;;;;;;;;;;;
;STP8.0-3AV-40 622;STP8.0-3AV-40 622;STP8.0-3AV-40 622;STP8.0-3AV-40 622;STP8.0-3AV-40 622;STP8.0-3AV-40 622;STP8.0-3AV-40 622;STP8.0-3AV-40 622;STP8.0-3AV-40 622;STP8.0-3AV-40 622;STP8.0-3AV-40 622;STP8.0-3AV-40 622;STP8.0-3AV-40 622;STP8.0-3AV-40 622;STP8.0-3AV-40 622;STP8.0-3AV-40 622;STP8.0-3AV-40 622;STP8.0-3AV-40 622;STP8.0-3AV-40 622;STP8.0-3AV-40 622;STP8.0-3AV-40 622;STP8.0-3AV-40 622;STP8.0-3AV-40 622;STP8.0-3AV-40 622;STP8.0-3AV-40 622;STP8.0-3AV-40 622;STP8.0-3AV-40 622;STP8.0-3AV-40 622;STP8.0-3AV-40 622;STP8.0-3AV-40 622;STP8.0-3AV-40 622;STP8.0-3AV-40 622;STP8.0-3AV-40 622
;SUNNY TRIPOWER 8.0;SUNNY TRIPOWER 8.0;SUNNY TRIPOWER 8.0;SUNNY TRIPOWER 8.0;SUNNY TRIPOWER 8.0;SUNNY TRIPOWER 8.0;SUNNY TRIPOWER 8.0;SUNNY TRIPOWER 8.0;SUNNY TRIPOWER 8.0;SUNNY TRIPOWER 8.0;SUNNY TRIPOWER 8.0;SUNNY TRIPOWER 8.0;SUNNY TRIPOWER 8.0;SUNNY TRIPOWER 8.0;SUNNY TRIPOWER 8.0;SUNNY TRIPOWER 8.0;SUNNY TRIPOWER 8.0;SUNNY TRIPOWER 8.0;SUNNY TRIPOWER 8.0;SUNNY TRIPOWER 8.0;SUNNY TRIPOWER 8.0;SUNNY TRIPOWER 8.0;SUNNY TRIPOWER 8.0;SUNNY TRIPOWER 8.0;SUNNY TRIPOWER 8.0;SUNNY TRIPOWER 8.0;SUNNY TRIPOWER 8.0;SUNNY TRIPOWER 8.0;SUNNY TRIPOWER 8.0;SUNNY TRIPOWER 8.0;SUNNY TRIPOWER 8.0;SUNNY TRIPOWER 8.0;SUNNY TRIPOWER 8.0
;XXXXXXXXXX;XXXXXXXXXX;XXXXXXXXXX;XXXXXXXXXX;XXXXXXXXXX;XXXXXXXXXX;XXXXXXXXXX;XXXXXXXXXX;XXXXXXXXXX;XXXXXXXXXX;XXXXXXXXXX;XXXXXXXXXX;XXXXXXXXXX;XXXXXXXXXX;XXXXXXXXXX;XXXXXXXXXX;XXXXXXXXXX;XXXXXXXXXX;XXXXXXXXXX;XXXXXXXXXX;XXXXXXXXXX;XXXXXXXXXX;XXXXXXXXXX;XXXXXXXXXX;XXXXXXXXXX;XXXXXXXXXX;XXXXXXXXXX;XXXXXXXXXX;XXXXXXXXXX;XXXXXXXXXX;XXXXXXXXXX;XXXXXXXXXX;XXXXXXXXXX
;Metering.TotWhOut;GridMs.TotPFPrc (Avg);GridMs.TotPFExt;Operation.Evt.EvtNo;Operation.Evt.Msg;GridMs.Hz (Avg);GridMs.TotW (Avg);GridMs.W.phsA (Avg);GridMs.W.phsB (Avg);GridMs.W.phsC (Avg);GridMs.PhV.phsA (Avg);GridMs.PhV.phsB (Avg);GridMs.PhV.phsC (Avg);GridMs.PhV.phsA2B (Avg);GridMs.PhV.phsB2C (Avg);GridMs.PhV.phsC2A (Avg);GridMs.A.phsA (Avg);GridMs.A.phsB (Avg);GridMs.A.phsC (Avg);Operation.Health;DcMs.Watt (Avg);DcMs.Watt (Avg);DcMs.Vol (Avg);DcMs.Vol (Avg);DcMs.Amp (Avg);DcMs.Amp (Avg);Metering.GridMs.TotWhOut;Metering.GridMs.AbsWhOut;Metering.GridMs.TotWhIn;Metering.GridMs.AbsWhIn;Operation.GriSwCnt;Isolation.LeakRis;Isolation.FltA (Avg)
;Analog;Analog;Status;Analog;Status;Analog;Analog;Analog;Analog;Analog;Analog;Analog;Analog;Analog;Analog;Analog;Analog;Analog;Analog;Status;Analog;Analog;Analog;Analog;Analog;Analog;Analog;Analog;Analog;Analog;Analog;Analog;Analog
DD.MM.YYYY hh:mm:ss;[Wh];;;;;[Hz];[W];[W];[W];[W];[V];[V];[V];[V];[V];[V];[A];[A];[A];;[W];[W];[V];[V];[A];[A];[Wh];[Wh];[Wh];[Wh];;[Ohm];[A]
11.07.2025 00:00:00;42390924;NaN;NaNStt;NaN;NoneMsg;NaN;NaN;NaN;NaN;NaN;NaN;NaN;NaN;NaN;NaN;NaN;NaN;NaN;NaN;Ok;NaN;NaN;NaN;NaN;NaN;NaN;NaN;NaN;NaN;NaN;2380;NaN;NaN
11.07.2025 00:05:00;42390924;NaN;NaNStt;NaN;NoneMsg;NaN;NaN;NaN;NaN;NaN;NaN;NaN;NaN;NaN;NaN;NaN;NaN;NaN;NaN;Ok;NaN;NaN;NaN;NaN;NaN;NaN;NaN;NaN;NaN;NaN;2380;NaN;NaN
11.07.2025 00:10:00;42390924;NaN;NaNStt;NaN;NoneMsg;NaN;NaN;NaN;NaN;NaN;NaN;NaN;NaN;NaN;NaN;NaN;NaN;NaN;NaN;Ok;NaN;NaN;NaN;NaN;NaN;NaN;NaN;NaN;NaN;NaN;2380;NaN;NaN
11.07.2025 00:15:00;42390924;NaN;NaNStt;NaN;NoneMsg;NaN;NaN;NaN;NaN;NaN;NaN;NaN;NaN;NaN;NaN;NaN;NaN;NaN;NaN;Ok;NaN;NaN;NaN;NaN;NaN;NaN;NaN;NaN;NaN;NaN;2380;NaN;NaN
11.07.2025 00:20:00;42390924;NaN;NaNStt;NaN;NoneMsg;NaN;NaN;NaN;NaN;NaN;NaN;NaN;NaN;NaN;NaN;NaN;NaN;NaN;NaN;Ok;NaN;NaN;NaN;NaN;NaN;NaN;NaN;NaN;NaN;NaN;2380;NaN;NaN
11.07.2025 00:25:00;42390924;NaN;NaNStt;NaN;NoneMsg;NaN;NaN;NaN;NaN;NaN;NaN;NaN;NaN;NaN;NaN;NaN;NaN;NaN;NaN;Ok;NaN;NaN;NaN;NaN;NaN;NaN;NaN;NaN;NaN;NaN;2380;NaN;NaN
11.07.2025 00:30:00;42390924;NaN;NaNStt;NaN;NoneMsg;NaN;NaN;NaN;NaN;NaN;NaN;NaN;NaN;NaN;NaN;NaN;NaN;NaN;NaN;Ok;NaN;NaN;NaN;NaN;NaN;NaN;NaN;NaN;NaN;NaN;2380;NaN;NaN
11.07.2025 00:35:00;42390924;NaN;NaNStt;NaN;NoneMsg;NaN;NaN;NaN;NaN;NaN;NaN;NaN;NaN;NaN;NaN;NaN;NaN;NaN;NaN;Ok;NaN;NaN;NaN;NaN;NaN;NaN;NaN;NaN;NaN;NaN;2380;NaN;NaN
11.07.2025 00:40:00;42390924;NaN;NaNStt;NaN;NoneMsg;NaN;NaN;NaN;NaN;NaN;NaN;NaN;NaN;NaN;NaN;NaN;NaN;NaN;NaN;Ok;NaN;NaN;NaN;NaN;NaN;NaN;NaN;NaN;NaN;NaN;2380;NaN;NaN
11.07.2025 00:45:00;42390924;NaN;NaNStt;NaN;NoneMsg;NaN;NaN;NaN;NaN;NaN;NaN;NaN;NaN;NaN;NaN;NaN;NaN;NaN;NaN;Ok;NaN;NaN;NaN;NaN;NaN;NaN;NaN;NaN;NaN;NaN;2380;NaN;NaN
11.07.2025 00:50:00;42390924;NaN;NaNStt;NaN;NoneMsg;NaN;NaN;NaN;NaN;NaN;NaN;NaN;NaN;NaN;NaN;NaN;NaN;NaN;NaN;Ok;NaN;NaN;NaN;NaN;NaN;NaN;NaN;NaN;NaN;NaN;2380;NaN;NaN
11.07.2025 00:55:00;42390924;NaN;NaNStt;NaN;NoneMsg;NaN;NaN;NaN;NaN;NaN;NaN;NaN;NaN;NaN;NaN;NaN;NaN;NaN;NaN;Ok;NaN;NaN;NaN;NaN;NaN;NaN;NaN;NaN;NaN;NaN;2380;NaN;NaN
11.07.2025 01:00:00;42390924;NaN;NaNStt;NaN;NoneMsg;NaN;NaN;NaN;NaN;NaN;NaN;NaN;NaN;NaN;NaN;NaN;NaN;NaN;NaN;Ok;NaN;NaN;NaN;NaN;NaN;NaN;NaN;NaN;NaN;NaN;2380;NaN;NaN
11.07.2025 01:05:00;42390924;NaN;NaNStt;NaN;NoneMsg;NaN;NaN;NaN;NaN;NaN;NaN;NaN;NaN;NaN;NaN;NaN;NaN;NaN;NaN;Ok;NaN;NaN;NaN;NaN;NaN;NaN;NaN;NaN;NaN;NaN;2380;NaN;NaN
11.07.2025 01:10:00;42390924;NaN;NaNStt;NaN;NoneMsg;NaN;NaN;NaN;NaN;NaN;NaN;NaN;NaN;NaN;NaN;NaN;NaN;NaN;NaN;Ok;NaN;NaN;NaN;NaN;NaN;NaN;NaN;NaN;NaN;NaN;2380;NaN;NaN
11.07.2025 01:15:00;42390924;NaN;NaNStt;NaN;NoneMsg;NaN;NaN;NaN;NaN;NaN;NaN;NaN;NaN;NaN;NaN;NaN;NaN;NaN;NaN;Ok;NaN;NaN;NaN;NaN;NaN;NaN;NaN;NaN;NaN;NaN;2380;NaN;NaN
11.07.2025 01:20:00;42390924;NaN;NaNStt;NaN;NoneMsg;NaN;NaN;NaN;NaN;NaN;NaN;NaN;NaN;NaN;NaN;NaN;NaN;NaN;NaN;Ok;NaN;NaN;NaN;NaN;NaN;NaN;NaN;NaN;NaN;NaN;2380;NaN;NaN
11.07.2025 01:25:00;42390924;NaN;NaNStt;NaN;NoneMsg;NaN;NaN;NaN;NaN;NaN;NaN;NaN;NaN;NaN;NaN;NaN;NaN;NaN;NaN;Ok;NaN;NaN;NaN;NaN;NaN;NaN;NaN;NaN;NaN;NaN;2380;NaN;NaN
11.07.2025 01:30:00;42390924;NaN;NaNStt;NaN;NoneMsg;NaN;NaN;NaN;NaN;NaN;NaN;NaN;NaN;NaN;NaN;NaN;NaN;NaN;NaN;Ok;NaN;NaN;NaN;NaN;NaN;NaN;NaN;NaN;NaN;NaN;2380;NaN;NaN
11.07.2025 01:35:00;42390924;NaN;NaNStt;NaN;NoneMsg;NaN;NaN;NaN;NaN;NaN;NaN;NaN;NaN;NaN;NaN;NaN;NaN;NaN;NaN;Ok;NaN;NaN;NaN;NaN;NaN;NaN;NaN;NaN;NaN;NaN;2380;NaN;NaN
11.07.2025 01:40:00;42390924;NaN;NaNStt;NaN;NoneMsg;NaN;NaN;NaN;NaN;NaN;NaN;NaN;NaN;NaN;NaN;NaN;NaN;NaN;NaN;Ok;NaN;NaN;NaN;NaN;NaN;NaN;NaN;NaN;NaN;NaN;2380;NaN;NaN
11.07.2025 01:45:00;42390924;NaN;NaNStt;NaN;NoneMsg;NaN;NaN;NaN;NaN;NaN;NaN;NaN;NaN;NaN;NaN;NaN;NaN;NaN;NaN;Ok;NaN;NaN;NaN;NaN;NaN;NaN;NaN;NaN;NaN;NaN;2380;NaN;NaN
11.07.2025 01:50:00;42390924;NaN;NaNStt;NaN;NoneMsg;NaN;NaN;NaN;NaN;NaN;NaN;NaN;NaN;NaN;NaN;NaN;NaN;NaN;NaN;Ok;NaN;NaN;NaN;NaN;NaN;NaN;NaN;NaN;NaN;NaN;2380;NaN;NaN
11.07.2025 01:55:00;42390924;NaN;NaNStt;NaN;NoneMsg;NaN;NaN;NaN;NaN;NaN;NaN;NaN;NaN;NaN;NaN;NaN;NaN;NaN;NaN;Ok;NaN;NaN;NaN;NaN;NaN;NaN;NaN;NaN;NaN;NaN;2380;NaN;NaN
11.07.2025 02:00:00;42390924;NaN;NaNStt;NaN;NoneMsg;NaN;NaN;NaN;NaN;NaN;NaN;NaN;NaN;NaN;NaN;NaN;NaN;NaN;NaN;Ok;NaN;NaN;NaN;NaN;NaN;NaN;NaN;NaN;NaN;NaN;2380;NaN;NaN
11.07.2025 02:05:00;42390924;NaN;NaNStt;NaN;NoneMsg;NaN;NaN;NaN;NaN;NaN;NaN;NaN;NaN;NaN;NaN;NaN;NaN;NaN;NaN;Ok;NaN;NaN;NaN;NaN;NaN;NaN;NaN;NaN;NaN;NaN;2380;NaN;NaN
11.07.2025 02:10:00;42390924;NaN;NaNStt;NaN;NoneMsg;NaN;NaN;NaN;NaN;NaN;NaN;NaN;NaN;NaN;NaN;NaN;NaN;NaN;NaN;Ok;NaN;NaN;NaN;NaN;NaN;NaN;NaN;NaN;NaN;NaN;2380;NaN;NaN
11.07.2025 02:15:00;42390924;NaN;NaNStt;NaN;NoneMsg;NaN;NaN;NaN;NaN;NaN;NaN;NaN;NaN;NaN;NaN;NaN;NaN;NaN;NaN;Ok;NaN;NaN;NaN;NaN;NaN;NaN;NaN;NaN;NaN;NaN;2380;NaN;NaN
11.07.2025 02:20:00;42390924;NaN;NaNStt;NaN;NoneMsg;NaN;NaN;NaN;NaN;NaN;NaN;NaN;NaN;NaN;NaN;NaN;NaN;NaN;NaN;Ok;NaN;NaN;NaN;NaN;NaN;NaN;NaN;NaN;NaN;NaN;2380;NaN;NaN
11.07.2025 02:25:00;42390924;NaN;NaNStt;NaN;NoneMsg;NaN;NaN;NaN;NaN;NaN;NaN;NaN;NaN;NaN;NaN;NaN;NaN;NaN;NaN;Ok;NaN;NaN;NaN;NaN;NaN;NaN;NaN;NaN;NaN;NaN;2380;NaN;NaN
11.07.2025 02:30:00;42390924;NaN;NaNStt;NaN;NoneMsg;NaN;NaN;NaN;NaN;NaN;NaN;NaN;NaN;NaN;NaN;NaN;NaN;NaN;NaN;Ok;NaN;NaN;NaN;NaN;NaN;NaN;NaN;NaN;NaN;NaN;2380;NaN;NaN
11.07.2025 02:35:00;42390924;NaN;NaNStt;NaN;NoneMsg;NaN;NaN;NaN;NaN;NaN;NaN;NaN;NaN;NaN;NaN;NaN;NaN;NaN;NaN;Ok;NaN;NaN;NaN;NaN;NaN;NaN;NaN;NaN;NaN;NaN;2380;NaN;NaN
11.07.2025 02:40:00;42390924;NaN;NaNStt;NaN;NoneMsg;NaN;NaN;NaN;NaN;NaN;NaN;NaN;NaN;NaN;NaN;NaN;NaN;NaN;NaN;Ok;NaN;NaN;NaN;NaN;NaN;NaN;NaN;NaN;NaN;NaN;2380;NaN;NaN
11.07.2025 02:45:00;42390924;NaN;NaNStt;NaN;NoneMsg;NaN;NaN;NaN;NaN;NaN;NaN;NaN;NaN;NaN;NaN;NaN;NaN;NaN;NaN;Ok;NaN;NaN;NaN;NaN;NaN;NaN;NaN;NaN;NaN;NaN;2380;NaN;NaN
11.07.2025 02:50:00;42390924;NaN;NaNStt;NaN;NoneMsg;NaN;NaN;NaN;NaN;NaN;NaN;NaN;NaN;NaN;NaN;NaN;NaN;NaN;NaN;Ok;NaN;NaN;NaN;NaN;NaN;NaN;NaN;NaN;NaN;NaN;2380;NaN;NaN
11.07.2025 02:55:00;42390924;NaN;NaNStt;NaN;NoneMsg;NaN;NaN;NaN;NaN;NaN;NaN;NaN;NaN;NaN;NaN;NaN;NaN;NaN;NaN;Ok;NaN;NaN;NaN;NaN;NaN;NaN;NaN;NaN;NaN;NaN;2380;NaN;NaN
11.07.2025 03:00:00;42390924;NaN;NaNStt;NaN;NoneMsg;NaN;NaN;NaN;NaN;NaN;NaN;NaN;NaN;NaN;NaN;NaN;NaN;NaN;NaN;Ok;NaN;NaN;NaN;NaN;NaN;NaN;NaN;NaN;NaN;NaN;2380;NaN;NaN
11.07.2025 03:05:00;42390924;NaN;NaNStt;NaN;NoneMsg;NaN;NaN;NaN;NaN;NaN;NaN;NaN;NaN;NaN;NaN;NaN;NaN;NaN;NaN;Ok;NaN;NaN;NaN;NaN;NaN;NaN;NaN;NaN;NaN;NaN;2380;NaN;NaN
11.07.2025 03:10:00;42390924;NaN;NaNStt;NaN;NoneMsg;NaN;NaN;NaN;NaN;NaN;NaN;NaN;NaN;NaN;NaN;NaN;NaN;NaN;NaN;Ok;NaN;NaN;NaN;NaN;NaN;NaN;NaN;NaN;NaN;NaN;2380;NaN;NaN
11.07.2025 03:15:00;42390924;NaN;NaNStt;NaN;NoneMsg;NaN;NaN;NaN;NaN;NaN;NaN;NaN;NaN;NaN;NaN;NaN;NaN;NaN;NaN;Ok;NaN;NaN;NaN;NaN;NaN;NaN;NaN;NaN;NaN;NaN;2380;NaN;NaN
11.07.2025 03:20:00;42390924;NaN;NaNStt;NaN;NoneMsg;NaN;NaN;NaN;NaN;NaN;NaN;NaN;NaN;NaN;NaN;NaN;NaN;NaN;NaN;Ok;NaN;NaN;NaN;NaN;NaN;NaN;NaN;NaN;NaN;NaN;2380;NaN;NaN
11.07.2025 03:25:00;42390924;NaN;NaNStt;NaN;NoneMsg;NaN;NaN;NaN;NaN;NaN;NaN;NaN;NaN;NaN;NaN;NaN;NaN;NaN;NaN;Ok;NaN;NaN;NaN;NaN;NaN;NaN;NaN;NaN;NaN;NaN;2380;NaN;NaN
11.07.2025 03:30:00;42390924;NaN;NaNStt;NaN;NoneMsg;NaN;NaN;NaN;NaN;NaN;NaN;NaN;NaN;NaN;NaN;NaN;NaN;NaN;NaN;Ok;NaN;NaN;NaN;NaN;NaN;NaN;NaN;NaN;NaN;NaN;2380;NaN;NaN
11.07.2025 03:35:00;42390924;NaN;NaNStt;NaN;NoneMsg;NaN;NaN;NaN;NaN;NaN;NaN;NaN;NaN;NaN;NaN;NaN;NaN;NaN;NaN;Ok;NaN;NaN;NaN;NaN;NaN;NaN;NaN;NaN;NaN;NaN;2380;NaN;NaN
11.07.2025 03:40:00;42390924;NaN;NaNStt;NaN;NoneMsg;NaN;NaN;NaN;NaN;NaN;NaN;NaN;NaN;NaN;NaN;NaN;NaN;NaN;NaN;Ok;NaN;NaN;NaN;NaN;NaN;NaN;NaN;NaN;NaN;NaN;2380;NaN;NaN
11.07.2025 03:45:00;42390924;NaN;NaNStt;NaN;NoneMsg;NaN;NaN;NaN;NaN;NaN;NaN;NaN;NaN;NaN;NaN;NaN;NaN;NaN;NaN;Ok;NaN;NaN;NaN;NaN;NaN;NaN;NaN;NaN;NaN;NaN;2380;NaN;NaN
11.07.2025 03:50:00;42390924;NaN;NaNStt;NaN;NoneMsg;NaN;NaN;NaN;NaN;NaN;NaN;NaN;NaN;NaN;NaN;NaN;NaN;NaN;NaN;Ok;NaN;NaN;NaN;NaN;NaN;NaN;NaN;NaN;NaN;NaN;2380;NaN;NaN
11.07.2025 03:55:00;42390924;NaN;NaNStt;NaN;NoneMsg;NaN;NaN;NaN;NaN;NaN;NaN;NaN;NaN;NaN;NaN;NaN;NaN;NaN;NaN;Ok;NaN;NaN;NaN;NaN;NaN;NaN;NaN;NaN;NaN;NaN;2380;NaN;NaN
11.07.2025 04:00:00;42390924;NaN;NaNStt;NaN;NoneMsg;NaN;NaN;NaN;NaN;NaN;NaN;NaN;NaN;NaN;NaN;NaN;NaN;NaN;NaN;Ok;NaN;NaN;NaN;NaN;NaN;NaN;NaN;NaN;NaN;NaN;2380;NaN;NaN
11.07.2025 04:05:00;42390924;NaN;NaNStt;NaN;NoneMsg;NaN;NaN;NaN;NaN;NaN;NaN;NaN;NaN;NaN;NaN;NaN;NaN;NaN;NaN;Ok;NaN;NaN;NaN;NaN;NaN;NaN;NaN;NaN;NaN;NaN;2380;NaN;NaN
11.07.2025 04:10:00;42390924;NaN;NaNStt;NaN;NoneMsg;NaN;NaN;NaN;NaN;NaN;NaN;NaN;NaN;NaN;NaN;NaN;NaN;NaN;NaN;Ok;NaN;NaN;NaN;NaN;NaN;NaN;NaN;NaN;NaN;NaN;2380;NaN;NaN
11.07.2025 04:15:00;42390924;NaN;NaNStt;NaN;NoneMsg;NaN;NaN;NaN;NaN;NaN;NaN;NaN;NaN;NaN;NaN;NaN;NaN;NaN;NaN;Ok;NaN;NaN;NaN;NaN;NaN;NaN;NaN;NaN;NaN;NaN;2380;NaN;NaN
11.07.2025 04:20:00;42390924;NaN;NaNStt;NaN;NoneMsg;NaN;NaN;NaN;NaN;NaN;NaN;NaN;NaN;NaN;NaN;NaN;NaN;NaN;NaN;Ok;NaN;NaN;NaN;NaN;NaN;NaN;NaN;NaN;NaN;NaN;2380;NaN;NaN
11.07.2025 04:25:00;42390924;NaN;NaNStt;NaN;NoneMsg;NaN;NaN;NaN;NaN;NaN;NaN;NaN;NaN;NaN;NaN;NaN;NaN;NaN;NaN;Ok;NaN;NaN;NaN;NaN;NaN;NaN;NaN;NaN;NaN;NaN;2380;NaN;NaN
11.07.2025 04:30:00;42390924;NaN;NaNStt;NaN;NoneMsg;NaN;NaN;NaN;NaN;NaN;NaN;NaN;NaN;NaN;NaN;NaN;NaN;NaN;NaN;Ok;NaN;NaN;NaN;NaN;NaN;NaN;NaN;NaN;NaN;NaN;2380;NaN;NaN
11.07.2025 04:35:00;42390924;NaN;NaNStt;NaN;NoneMsg;NaN;NaN;NaN;NaN;NaN;NaN;NaN;NaN;NaN;NaN;NaN;NaN;NaN;NaN;Ok;NaN;NaN;NaN;NaN;NaN;NaN;NaN;NaN;NaN;NaN;2380;NaN;NaN
11.07.2025 04:40:00;42390924;NaN;NaNStt;NaN;NoneMsg;NaN;NaN;NaN;NaN;NaN;NaN;NaN;NaN;NaN;NaN;NaN;NaN;NaN;NaN;Ok;NaN;NaN;NaN;NaN;NaN;NaN;NaN;NaN;NaN;NaN;2380;NaN;NaN
11.07.2025 04:45:00;42390924;NaN;NaNStt;NaN;NoneMsg;NaN;NaN;NaN;NaN;NaN;NaN;NaN;NaN;NaN;NaN;NaN;NaN;NaN;NaN;Ok;NaN;NaN;NaN;NaN;NaN;NaN;NaN;NaN;NaN;NaN;2380;NaN;NaN
11.07.2025 04:50:00;42390924;NaN;NaNStt;NaN;NoneMsg;NaN;NaN;NaN;NaN;NaN;NaN;NaN;NaN;NaN;NaN;NaN;NaN;NaN;NaN;Ok;NaN;NaN;NaN;NaN;NaN;NaN;NaN;NaN;NaN;NaN;2380;NaN;NaN
11.07.2025 04:55:00;42390924;NaN;NaNStt;NaN;NoneMsg;NaN;NaN;NaN;NaN;NaN;NaN;NaN;NaN;NaN;NaN;NaN;NaN;NaN;NaN;Ok;NaN;NaN;NaN;NaN;NaN;NaN;NaN;NaN;NaN;NaN;2380;NaN;NaN
11.07.2025 05:00:00;42390924;NaN;NaNStt;NaN;NoneMsg;NaN;NaN;NaN;NaN;NaN;NaN;NaN;NaN;NaN;NaN;NaN;NaN;NaN;NaN;Ok;NaN;NaN;NaN;NaN;NaN;NaN;NaN;NaN;NaN;NaN;2380;NaN;NaN
11.07.2025 05:05:00;42390924;NaN;NaNStt;NaN;NoneMsg;NaN;NaN;NaN;NaN;NaN;NaN;NaN;NaN;NaN;NaN;NaN;NaN;NaN;NaN;Ok;NaN;NaN;NaN;NaN;NaN;NaN;NaN;NaN;NaN;NaN;2380;NaN;NaN
11.07.2025 05:10:00;42390924;NaN;NaNStt;NaN;NoneMsg;NaN;NaN;NaN;NaN;NaN;NaN;NaN;NaN;NaN;NaN;NaN;NaN;NaN;NaN;Ok;NaN;NaN;NaN;NaN;NaN;NaN;NaN;NaN;NaN;NaN;2380;NaN;NaN
11.07.2025 05:15:00;42390924;NaN;NaNStt;NaN;NoneMsg;NaN;NaN;NaN;NaN;NaN;NaN;NaN;NaN;NaN;NaN;NaN;NaN;NaN;NaN;Ok;NaN;NaN;NaN;NaN;NaN;NaN;NaN;NaN;NaN;NaN;2380;NaN;NaN
11.07.2025 05:20:00;42390924;NaN;NaNStt;NaN;NoneMsg;NaN;NaN;NaN;NaN;NaN;NaN;NaN;NaN;NaN;NaN;NaN;NaN;NaN;NaN;Ok;NaN;NaN;NaN;NaN;NaN;NaN;NaN;NaN;NaN;NaN;2380;NaN;NaN
11.07.2025 05:25:00;42390924;NaN;NaNStt;NaN;NoneMsg;NaN;NaN;NaN;NaN;NaN;NaN;NaN;NaN;NaN;NaN;NaN;NaN;NaN;NaN;Ok;NaN;NaN;NaN;NaN;NaN;NaN;NaN;NaN;NaN;NaN;2380;NaN;NaN
11.07.2025 05:30:00;42390924;NaN;NaNStt;NaN;NoneMsg;NaN;NaN;NaN;NaN;NaN;NaN;NaN;NaN;NaN;NaN;NaN;NaN;NaN;NaN;Ok;NaN;NaN;NaN;NaN;NaN;NaN;NaN;NaN;NaN;NaN;2380;NaN;NaN
11.07.2025 05:35:00;42390924;NaN;NaNStt;NaN;NoneMsg;NaN;NaN;NaN;NaN;NaN;NaN;NaN;NaN;NaN;NaN;NaN;NaN;NaN;NaN;Ok;NaN;NaN;NaN;NaN;NaN;NaN;NaN;NaN;NaN;NaN;2380;NaN;NaN
11.07.2025 05:40:00;42390924;NaN;NaNStt;NaN;NoneMsg;50.01;0;0;0;0;226.93;231.26;229.82;NaN;NaN;NaN;0.000;0.000;0.000;Ok;0;0;128.15;288.40;0.000;0.000;NaN;NaN;NaN;NaN;2380;3000000;0.000
11.07.2025 05:45:00;42390924;NaN;NaNStt;NaN;NoneMsg;50.00;0;0;0;0;227.24;231.57;230.71;NaN;NaN;NaN;0.000;0.000;0.000;Ok;0;0;132.05;403.25;0.000;0.000;NaN;NaN;NaN;NaN;2380;3000000;0.000
11.07.2025 05:50:00;42390924;NaN;NaNStt;NaN;NoneMsg;49.99;0;0;0;0;227.06;231.52;230.54;NaN;NaN;NaN;0.000;0.000;0.000;Ok;0;0;160.55;450.15;0.000;0.000;NaN;NaN;NaN;NaN;2380;3000000;0.000
11.07.2025 05:55:00;42390924;NaN;NaNStt;NaN;NoneMsg;49.99;0;0;0;0;226.75;231.79;230.37;NaN;NaN;NaN;0.000;0.000;0.000;Ok;0;0;309.90;531.00;0.000;0.000;NaN;NaN;NaN;NaN;2380;3000000;0.000
11.07.2025 06:00:00;42390926;0.996;NaNStt;NaN;NoneMsg;50.00;23;8;8;8;226.85;231.80;230.61;NaN;NaN;NaN;0.064;0.074;0.068;Ok;9;23;317.20;506.90;0.034;0.052;NaN;NaN;NaN;NaN;2381;2063600;0.002
11.07.2025 06:05:00;42390932;1.000;NaNStt;NaN;NoneMsg;49.99;79;26;27;26;226.67;231.61;230.23;NaN;NaN;NaN;0.182;0.208;0.196;Ok;28;80;275.50;461.10;0.106;0.176;NaN;NaN;NaN;NaN;2381;2063600;0.004
11.07.2025 06:10:00;42390940;1.000;NaNStt;NaN;NoneMsg;49.97;96;32;33;32;225.77;231.42;230.18;NaN;NaN;NaN;0.200;0.224;0.208;Ok;32;94;280.55;434.40;0.116;0.218;NaN;NaN;NaN;NaN;2381;2063600;0.004
11.07.2025 06:15:00;42390950;1.000;NaNStt;NaN;NoneMsg;49.97;115;37;39;38;225.30;231.38;230.78;NaN;NaN;NaN;0.216;0.240;0.224;Ok;40;103;281.30;419.70;0.146;0.248;NaN;NaN;NaN;NaN;2381;2063600;0.004
11.07.2025 06:20:00;42390960;1.000;NaNStt;NaN;NoneMsg;50.01;129;42;44;43;225.72;231.31;230.30;NaN;NaN;NaN;0.232;0.260;0.240;Ok;50;110;283.35;403.40;0.182;0.276;NaN;NaN;NaN;NaN;2381;2063600;0.004
11.07.2025 06:25:00;42390973;1.000;NaNStt;NaN;NoneMsg;50.01;148;48;50;49;225.95;231.21;230.41;NaN;NaN;NaN;0.252;0.278;0.262;Ok;62;122;286.65;429.60;0.222;0.288;NaN;NaN;NaN;NaN;2381;2063600;0.004
11.07.2025 06:30:00;42390988;1.000;NaNStt;NaN;NoneMsg;50.01;184;60;62;61;225.81;230.94;230.44;NaN;NaN;NaN;0.302;0.328;0.312;Ok;73;148;289.05;459.60;0.258;0.326;NaN;NaN;NaN;NaN;2381;2063600;0.004
11.07.2025 06:35:00;42391010;1.000;NaNStt;NaN;NoneMsg;50.00;257;85;87;85;226.57;231.38;230.19;NaN;NaN;NaN;0.402;0.424;0.404;Ok;94;195;297.80;434.10;0.320;0.450;NaN;NaN;NaN;NaN;2381;2063600;0.004
11.07.2025 06:40:00;42391046;1.000;NaNStt;NaN;NoneMsg;50.00;428;141;144;143;227.51;231.60;230.22;NaN;NaN;NaN;0.636;0.654;0.644;Ok;151;312;307.85;479.45;0.494;0.652;NaN;NaN;NaN;NaN;2381;2063600;0.004
11.07.2025 06:45:00;42391084;1.000;NaNStt;NaN;NoneMsg;50.00;460;151;154;155;227.02;229.70;230.80;NaN;NaN;NaN;0.684;0.698;0.696;Ok;167;330;313.70;492.30;0.538;0.672;NaN;NaN;NaN;NaN;2381;2063600;0.004
11.07.2025 06:50:00;42391114;1.000;NaNStt;NaN;NoneMsg;50.01;364;120;122;122;226.47;229.59;229.83;NaN;NaN;NaN;0.550;0.570;0.560;Ok;124;270;315.80;487.20;0.396;0.556;NaN;NaN;NaN;NaN;2381;2063600;0.004
11.07.2025 06:55:00;42391143;1.000;NaNStt;NaN;NoneMsg;49.99;353;116;118;119;226.66;229.85;230.28;NaN;NaN;NaN;0.532;0.554;0.546;Ok;120;262;317.20;488.90;0.382;0.538;NaN;NaN;NaN;NaN;2381;2063600;0.004
11.07.2025 07:00:00;42391172;1.000;NaNStt;NaN;NoneMsg;50.00;338;111;113;113;227.60;229.42;230.04;NaN;NaN;NaN;0.512;0.534;0.524;Ok;116;251;320.25;492.85;0.366;0.510;NaN;NaN;NaN;NaN;2381;2063600;0.004
11.07.2025 07:05:00;42391197;1.000;NaNStt;NaN;NoneMsg;50.02;301;100;101;101;229.06;229.67;229.73;NaN;NaN;NaN;0.466;0.482;0.472;Ok;105;225;333.50;490.85;0.320;0.460;NaN;NaN;NaN;NaN;2381;2063600;0.004
11.07.2025 07:10:00;42391222;1.000;NaNStt;NaN;NoneMsg;50.01;305;101;102;102;229.14;230.64;230.19;NaN;NaN;NaN;0.472;0.486;0.478;Ok;105;231;325.05;465.55;0.326;0.498;NaN;NaN;NaN;NaN;2381;2063600;0.004
11.07.2025 07:15:00;42391254;1.000;NaNStt;NaN;NoneMsg;50.01;376;125;125;126;229.72;230.74;230.09;NaN;NaN;NaN;0.570;0.576;0.576;Ok;125;280;328.50;475.40;0.382;0.590;NaN;NaN;NaN;NaN;2381;2063600;0.004
11.07.2025 07:20:00;42391294;1.000;NaNStt;NaN;NoneMsg;49.99;479;159;159;160;229.41;229.61;229.60;NaN;NaN;NaN;0.714;0.722;0.724;Ok;164;348;330.30;490.65;0.500;0.712;NaN;NaN;NaN;NaN;2381;2063600;0.004
11.07.2025 07:25:00;42391337;1.000;NaNStt;NaN;NoneMsg;50.02;524;174;175;176;229.03;230.42;230.09;NaN;NaN;NaN;0.776;0.784;0.786;Ok;182;379;329.95;490.30;0.558;0.776;NaN;NaN;NaN;NaN;2381;2063600;0.004
11.07.2025 07:30:00;42391383;1.000;NaNStt;NaN;NoneMsg;50.01;550;183;184;184;229.26;230.69;229.90;NaN;NaN;NaN;0.814;0.822;0.818;Ok;192;396;344.10;493.70;0.562;0.804;NaN;NaN;NaN;NaN;2381;2063600;0.004
11.07.2025 07:35:00;42391430;1.000;NaNStt;NaN;NoneMsg;49.98;566;188;189;189;229.57;230.83;229.82;NaN;NaN;NaN;0.836;0.842;0.842;Ok;197;408;343.50;489.45;0.576;0.834;NaN;NaN;NaN;NaN;2381;2063600;0.004
11.07.2025 07:40:00;42391480;1.000;NaNStt;NaN;NoneMsg;50.01;597;199;199;199;230.38;231.65;229.92;NaN;NaN;NaN;0.880;0.882;0.884;Ok;207;429;340.55;492.25;0.610;0.872;NaN;NaN;NaN;NaN;2381;2063600;0.004
11.07.2025 07:45:00;42391535;1.000;NaNStt;NaN;NoneMsg;49.99;650;216;218;216;229.91;231.82;229.23;NaN;NaN;NaN;0.958;0.964;0.960;Ok;222;465;330.35;497.85;0.678;0.936;NaN;NaN;NaN;NaN;2381;2063600;0.004
11.07.2025 07:50:00;42391600;1.000;NaNStt;NaN;NoneMsg;49.97;789;263;264;262;231.96;233.38;231.32;NaN;NaN;NaN;1.150;1.152;1.150;Ok;265;566;316.60;500.95;0.842;1.132;NaN;NaN;NaN;NaN;2381;2063600;0.004
11.07.2025 07:55:00;42391671;1.000;NaNStt;NaN;NoneMsg;50.00;854;284;286;284;233.56;235.36;232.70;NaN;NaN;NaN;1.234;1.236;1.238;Ok;283;615;313.70;504.15;0.908;1.220;NaN;NaN;NaN;NaN;2381;2063600;0.004
11.07.2025 08:00:00;42391726;1.000;NaNStt;NaN;NoneMsg;50.01;661;220;221;220;232.80;234.52;232.40;NaN;NaN;NaN;0.964;0.968;0.970;Ok;218;483;311.05;495.10;0.702;0.978;NaN;NaN;NaN;NaN;2381;2063600;0.004
11.07.2025 08:05:00;42391763;1.000;NaNStt;NaN;NoneMsg;49.98;448;148;151;149;230.12;233.63;231.27;NaN;NaN;NaN;0.666;0.676;0.670;Ok;130;348;303.55;485.30;0.434;0.718;NaN;NaN;NaN;NaN;2381;2063600;0.004
11.07.2025 08:10:00;42391795;1.000;NaNStt;NaN;NoneMsg;50.00;381;126;129;126;230.95;234.98;231.55;NaN;NaN;NaN;0.570;0.580;0.570;Ok;106;305;306.65;484.70;0.348;0.632;NaN;NaN;NaN;NaN;2381;2063600;0.004
11.07.2025 08:15:00;42391827;1.000;NaNStt;NaN;NoneMsg;50.00;379;125;128;126;231.40;234.95;231.66;NaN;NaN;NaN;0.568;0.580;0.566;Ok;105;304;311.15;486.10;0.340;0.628;NaN;NaN;NaN;NaN;2381;2063600;0.004
11.07.2025 08:20:00;42391860;1.000;NaNStt;NaN;NoneMsg;49.97;404;133;136;135;231.02;234.09;232.44;NaN;NaN;NaN;0.600;0.616;0.604;Ok;113;319;330.25;487.60;0.346;0.656;NaN;NaN;NaN;NaN;2381;2063600;0.004
11.07.2025 08:25:00;42391899;1.000;NaNStt;NaN;NoneMsg;50.00;455;151;153;151;229.69;232.12;229.74;NaN;NaN;NaN;0.678;0.694;0.682;Ok;134;350;317.15;482.20;0.428;0.728;NaN;NaN;NaN;NaN;2381;2063600;0.004
11.07.2025 08:30:00;42391958;1.000;NaNStt;NaN;NoneMsg;50.00;716;235;241;240;228.51;232.74;231.40;NaN;NaN;NaN;1.044;1.060;1.056;Ok;228;526;334.30;495.40;0.686;1.064;NaN;NaN;NaN;NaN;2381;2063600;0.004
11.07.2025 08:35:00;42392037;1.000;NaNStt;NaN;NoneMsg;49.97;935;310;312;313;230.94;232.50;231.38;NaN;NaN;NaN;1.354;1.364;1.366;Ok;304;673;324.75;499.75;0.944;1.348;NaN;NaN;NaN;NaN;2381;2063600;0.004
11.07.2025 08:40:00;42392124;1.000;NaNStt;NaN;NoneMsg;50.02;1045;347;348;350;231.95;233.43;232.50;NaN;NaN;NaN;1.506;1.510;1.518;Ok;338;751;333.85;502.95;1.018;1.496;NaN;NaN;NaN;NaN;2381;2063600;0.004
11.07.2025 08:45:00;42392220;1.000;NaNStt;NaN;NoneMsg;50.03;1158;385;383;390;231.79;231.51;232.59;NaN;NaN;NaN;1.672;1.670;1.686;Ok;387;821;334.15;500.95;1.160;1.642;NaN;NaN;NaN;NaN;2381;2063600;0.004
11.07.2025 08:50:00;42392320;1.000;NaNStt;NaN;NoneMsg;49.98;1198;400;397;401;231.27;230.92;230.40;NaN;NaN;NaN;1.740;1.730;1.752;Ok;401;847;336.10;502.50;1.198;1.688;NaN;NaN;NaN;NaN;2381;2063600;0.004
11.07.2025 08:55:00;42392420;1.000;NaNStt;NaN;NoneMsg;50.01;1189;396;396;398;231.07;231.88;230.79;NaN;NaN;NaN;1.724;1.720;1.734;Ok;400;839;317.70;501.25;1.262;1.676;NaN;NaN;NaN;NaN;2381;2063600;0.004
11.07.2025 09:00:00;42392521;1.000;NaNStt;NaN;NoneMsg;50.03;1222;406;408;407;231.55;233.58;230.98;NaN;NaN;NaN;1.766;1.764;1.772;Ok;407;865;328.60;503.05;1.242;1.722;NaN;NaN;NaN;NaN;2381;2063600;0.004
11.07.2025 09:05:00;42392635;1.000;NaNStt;NaN;NoneMsg;49.98;1364;454;455;454;231.72;232.96;230.61;NaN;NaN;NaN;1.972;1.968;1.980;Ok;458;963;333.35;503.20;1.380;1.916;NaN;NaN;NaN;NaN;2381;2063600;0.004
11.07.2025 09:10:00;42392758;1.000;NaNStt;NaN;NoneMsg;50.00;1469;489;485;495;232.43;231.01;233.42;NaN;NaN;NaN;2.112;2.110;2.130;Ok;491;1037;323.85;504.15;1.522;2.058;NaN;NaN;NaN;NaN;2381;2063600;0.004
11.07.2025 09:15:00;42392885;1.000;NaNStt;NaN;NoneMsg;50.01;1528;508;505;516;233.26;231.83;234.62;NaN;NaN;NaN;2.186;2.188;2.208;Ok;506;1082;335.55;503.80;1.512;2.150;NaN;NaN;NaN;NaN;2381;2063600;0.004
11.07.2025 09:20:00;42393023;1.000;NaNStt;NaN;NoneMsg;50.00;1657;551;548;558;233.67;232.54;234.95;NaN;NaN;NaN;2.366;2.366;2.384;Ok;549;1171;335.10;505.50;1.642;2.318;NaN;NaN;NaN;NaN;2381;2063600;0.004
11.07.2025 09:25:00;42393162;1.000;NaNStt;NaN;NoneMsg;50.01;1673;555;555;563;233.09;233.64;235.02;NaN;NaN;NaN;2.388;2.388;2.406;Ok;555;1183;334.00;501.35;1.664;2.362;NaN;NaN;NaN;NaN;2381;2063600;0.004
11.07.2025 09:30:00;42393308;1.000;NaNStt;NaN;NoneMsg;50.01;1735;575;578;583;233.02;234.38;234.86;NaN;NaN;NaN;2.474;2.476;2.488;Ok;579;1224;327.80;501.80;1.770;2.442;NaN;NaN;NaN;NaN;2381;2063600;0.004
11.07.2025 09:35:00;42393466;1.000;NaNStt;NaN;NoneMsg;49.98;1902;631;630;641;235.73;235.44;237.73;NaN;NaN;NaN;2.686;2.688;2.704;Ok;612;1362;330.10;511.55;1.856;2.664;NaN;NaN;NaN;NaN;2381;2063600;0.004
11.07.2025 09:40:00;42393635;1.000;NaNStt;NaN;NoneMsg;50.02;2025;672;670;683;237.10;236.62;239.15;NaN;NaN;NaN;2.842;2.842;2.862;Ok;612;1488;332.35;514.90;1.844;2.892;NaN;NaN;NaN;NaN;2381;2063600;0.004
11.07.2025 09:45:00;42393788;1.000;NaNStt;NaN;NoneMsg;50.03;1844;610;617;618;235.10;238.06;236.64;NaN;NaN;NaN;2.604;2.604;2.616;Ok;528;1385;326.45;508.25;1.618;2.726;NaN;NaN;NaN;NaN;2381;2063600;0.004
11.07.2025 09:50:00;42393912;1.000;NaNStt;NaN;NoneMsg;49.99;1488;491;497;500;234.26;237.10;236.44;NaN;NaN;NaN;2.108;2.114;2.124;Ok;356;1189;326.45;503.10;1.094;2.366;NaN;NaN;NaN;NaN;2381;2063600;0.004
11.07.2025 09:55:00;42394056;1.000;NaNStt;NaN;NoneMsg;50.01;1716;568;572;576;235.78;237.86;237.14;NaN;NaN;NaN;2.418;2.418;2.436;Ok;476;1306;231.05;503.30;2.428;2.598;NaN;NaN;NaN;NaN;2381;2063600;0.004
11.07.2025 10:00:00;42394213;1.000;NaNStt;NaN;NoneMsg;50.03;1885;624;628;632;233.73;235.64;235.50;NaN;NaN;NaN;2.678;2.676;2.692;Ok;587;1374;168.15;498.10;3.508;2.758;NaN;NaN;NaN;NaN;2381;2063600;0.004
11.07.2025 10:05:00;42394420;1.000;NaNStt;NaN;NoneMsg;49.98;2471;824;813;834;235.87;233.66;236.83;NaN;NaN;NaN;3.496;3.486;3.524;Ok;787;1780;163.90;493.00;4.844;3.616;NaN;NaN;NaN;NaN;2381;2063600;0.004
11.07.2025 10:10:00;42394616;1.000;NaNStt;NaN;NoneMsg;49.99;2357;783;778;796;235.84;234.97;237.62;NaN;NaN;NaN;3.326;3.316;3.354;Ok;752;1697;155.65;499.45;4.878;3.398;NaN;NaN;NaN;NaN;2381;2063600;0.004
11.07.2025 10:15:00;42394807;1.000;NaNStt;NaN;NoneMsg;50.00;2292;760;765;768;234.22;237.58;235.91;NaN;NaN;NaN;3.252;3.228;3.262;Ok;770;1615;147.45;497.10;5.240;3.252;NaN;NaN;NaN;NaN;2381;2063600;0.004
11.07.2025 10:20:00;42395002;1.000;NaNStt;NaN;NoneMsg;50.02;2350;778;783;789;233.38;236.52;235.97;NaN;NaN;NaN;3.342;3.318;3.350;Ok;807;1637;157.30;495.85;5.138;3.302;NaN;NaN;NaN;NaN;2381;2063600;0.004
11.07.2025 10:25:00;42395213;1.000;NaNStt;NaN;NoneMsg;50.00;2517;836;839;841;235.39;237.98;236.17;NaN;NaN;NaN;3.556;3.532;3.566;Ok;885;1729;170.05;490.45;5.204;3.522;NaN;NaN;NaN;NaN;2381;2063600;0.004
11.07.2025 10:30:00;42395472;1.000;NaNStt;NaN;NoneMsg;50.02;3099;1032;1033;1035;236.80;238.83;236.73;NaN;NaN;NaN;4.362;4.330;4.372;Ok;1065;2150;175.80;495.95;6.066;4.340;NaN;NaN;NaN;NaN;2381;2063600;0.004
11.07.2025 10:35:00;42395764;1.000;NaNStt;NaN;NoneMsg;50.00;3492;1163;1154;1175;237.36;237.13;238.99;NaN;NaN;NaN;4.904;4.872;4.918;Ok;1198;2422;183.30;491.95;6.546;4.926;NaN;NaN;NaN;NaN;2381;2063600;0.004
11.07.2025 10:40:00;42396044;1.000;NaNStt;NaN;NoneMsg;50.02;3368;1138;1087;1143;240.59;231.08;239.97;NaN;NaN;NaN;4.732;4.708;4.768;Ok;1191;2300;191.60;488.00;6.222;4.716;NaN;NaN;NaN;NaN;2381;2063600;0.004
11.07.2025 10:45:00;42396346;1.000;NaNStt;NaN;NoneMsg;50.01;3655;1235;1177;1243;241.14;231.16;240.88;NaN;NaN;NaN;5.120;5.096;5.162;Ok;1405;2383;227.75;487.75;6.176;4.888;NaN;NaN;NaN;NaN;2381;2063600;0.004
11.07.2025 10:50:00;42396621;1.000;NaNStt;NaN;NoneMsg;49.98;3265;1092;1072;1100;237.41;234.49;238.24;NaN;NaN;NaN;4.596;4.568;4.614;Ok;1262;2123;242.20;481.45;5.230;4.422;NaN;NaN;NaN;NaN;2381;2063600;0.004
11.07.2025 10:55:00;42396840;1.000;NaNStt;NaN;NoneMsg;50.01;2624;873;873;877;231.73;233.67;232.46;NaN;NaN;NaN;3.764;3.738;3.770;Ok;958;1762;239.85;486.30;4.008;3.622;NaN;NaN;NaN;NaN;2381;2063600;0.004
11.07.2025 11:00:00;42397111;1.000;NaNStt;NaN;NoneMsg;50.00;3278;1093;1086;1098;233.22;233.00;233.70;NaN;NaN;NaN;4.686;4.658;4.698;Ok;1187;2209;242.70;490.30;4.894;4.500;NaN;NaN;NaN;NaN;2381;2063600;0.004
11.07.2025 11:05:00;42397432;1.000;NaNStt;NaN;NoneMsg;49.97;3820;1283;1254;1283;236.17;232.05;235.31;NaN;NaN;NaN;5.408;5.384;5.436;Ok;1410;2548;239.35;496.85;5.904;5.138;NaN;NaN;NaN;NaN;2381;2063600;0.004
11.07.2025 11:10:00;42397801;1.000;NaNStt;NaN;NoneMsg;50.00;4470;1504;1472;1494;241.30;237.51;238.72;NaN;NaN;NaN;6.238;6.204;6.262;Ok;1649;2981;238.30;486.35;6.930;6.130;NaN;NaN;NaN;NaN;2381;2063600;0.004
11.07.2025 11:15:00;42398178;1.000;NaNStt;NaN;NoneMsg;50.00;4481;1511;1464;1506;243.16;237.09;241.33;NaN;NaN;NaN;6.214;6.182;6.242;Ok;1756;2891;260.80;483.50;6.718;5.982;NaN;NaN;NaN;NaN;2381;2063600;0.004
11.07.2025 11:20:00;42398588;1.000;NaNStt;NaN;NoneMsg;49.99;4912;1649;1621;1643;242.39;239.46;240.75;NaN;NaN;NaN;6.808;6.774;6.828;Ok;1949;3147;267.75;483.40;7.284;6.512;NaN;NaN;NaN;NaN;2381;2063600;0.004
11.07.2025 11:25:00;42399005;1.000;NaNStt;NaN;NoneMsg;49.99;5013;1687;1658;1668;242.89;240.28;239.72;NaN;NaN;NaN;6.950;6.904;6.962;Ok;1959;3239;270.80;483.40;7.276;6.702;NaN;NaN;NaN;NaN;2381;2063600;0.004
11.07.2025 11:30:00;42399468;1.000;NaNStt;NaN;NoneMsg;50.00;5530;1858;1829;1843;243.65;241.40;241.20;NaN;NaN;NaN;7.624;7.576;7.638;Ok;2210;3525;289.70;477.55;7.642;7.386;NaN;NaN;NaN;NaN;2381;2063600;0.004
11.07.2025 11:35:00;42399804;1.000;NaNStt;NaN;NoneMsg;49.99;4102;1382;1356;1364;238.91;236.60;236.07;NaN;NaN;NaN;5.764;5.718;5.772;Ok;1590;2660;291.25;483.90;5.500;5.498;NaN;NaN;NaN;NaN;2381;2063600;0.004
11.07.2025 11:40:00;42400091;1.000;NaNStt;NaN;NoneMsg;50.00;3441;1164;1117;1160;238.48;232.39;237.13;NaN;NaN;NaN;4.836;4.804;4.860;Ok;1288;2276;296.90;481.00;4.354;4.718;NaN;NaN;NaN;NaN;2381;2063600;0.004
11.07.2025 11:45:00;42400487;1.000;NaNStt;NaN;NoneMsg;50.00;4735;1601;1536;1599;243.37;234.11;241.78;NaN;NaN;NaN;6.562;6.534;6.600;Ok;1853;3057;297.20;475.00;6.248;6.452;NaN;NaN;NaN;NaN;2381;2063600;0.004
11.07.2025 11:50:00;42400872;1.000;NaNStt;NaN;NoneMsg;49.97;4565;1538;1502;1525;241.75;237.87;238.97;NaN;NaN;NaN;6.348;6.304;6.366;Ok;1769;2961;296.55;486.20;5.976;6.096;NaN;NaN;NaN;NaN;2381;2063600;0.004
11.07.2025 11:55:00;42401348;1.000;NaNStt;NaN;NoneMsg;50.01;5721;1934;1851;1936;246.36;237.54;245.29;NaN;NaN;NaN;7.842;7.808;7.886;Ok;2249;3691;284.55;475.75;7.910;7.740;NaN;NaN;NaN;NaN;2381;2063600;0.004
11.07.2025 12:00:00;42401850;1.000;NaNStt;NaN;NoneMsg;50.00;6063;2039;2000;2023;243.06;239.99;240.63;NaN;NaN;NaN;8.394;8.340;8.412;Ok;2396;3898;283.10;475.85;8.470;8.198;NaN;NaN;NaN;NaN;2381;2063600;0.004
11.07.2025 12:05:00;42402210;1.000;NaNStt;NaN;NoneMsg;49.98;4328;1454;1430;1443;240.06;237.85;237.59;NaN;NaN;NaN;6.056;6.012;6.068;Ok;1653;2832;290.45;480.20;5.678;5.886;NaN;NaN;NaN;NaN;2381;2063600;0.004
11.07.2025 12:10:00;42402393;1.000;NaNStt;NaN;NoneMsg;50.00;2211;739;731;741;235.70;234.70;234.89;NaN;NaN;NaN;3.142;3.122;3.158;Ok;766;1523;298.00;480.25;2.580;3.174;NaN;NaN;NaN;NaN;2381;2063600;0.004
11.07.2025 12:15:00;42402542;1.000;NaNStt;NaN;NoneMsg;50.01;1786;601;580;604;236.43;229.47;235.13;NaN;NaN;NaN;2.550;2.536;2.578;Ok;595;1252;312.70;482.55;1.908;2.598;NaN;NaN;NaN;NaN;2381;2063600;0.004
11.07.2025 12:20:00;42402987;1.000;NaNStt;NaN;NoneMsg;50.01;5288;1797;1691;1800;245.61;232.41;244.24;NaN;NaN;NaN;7.296;7.266;7.346;Ok;2039;3444;301.30;483.60;6.820;7.118;NaN;NaN;NaN;NaN;2381;2063600;0.004
11.07.2025 12:25:00;42403154;1.000;NaNStt;NaN;NoneMsg;49.99;2069;699;669;700;236.71;228.05;234.97;NaN;NaN;NaN;2.956;2.940;2.988;Ok;724;1416;304.30;479.35;2.388;2.960;NaN;NaN;NaN;NaN;2381;2063600;0.004
11.07.2025 12:30:00;42403316;1.000;NaNStt;NaN;NoneMsg;50.00;1942;655;631;656;235.29;228.02;233.53;NaN;NaN;NaN;2.788;2.776;2.818;Ok;681;1326;306.60;487.15;2.218;2.720;NaN;NaN;NaN;NaN;2381;2063600;0.004
11.07.2025 12:35:00;42403769;1.000;NaNStt;NaN;NoneMsg;49.97;5345;1814;1716;1815;244.84;233.96;243.46;NaN;NaN;NaN;7.350;7.318;7.400;Ok;2078;3464;303.20;486.70;6.854;7.118;NaN;NaN;NaN;NaN;2381;2063600;0.004
11.07.2025 12:40:00;42404305;1.000;NaNStt;NaN;NoneMsg;49.99;6453;2168;2135;2150;243.93;241.86;241.41;NaN;NaN;NaN;8.884;8.822;8.898;Ok;2501;4192;299.35;484.55;8.386;8.666;NaN;NaN;NaN;NaN;2381;2063600;0.004
11.07.2025 12:45:00;42404890;1.000;NaNStt;NaN;NoneMsg;50.01;7002;2355;2317;2329;244.73;242.35;241.64;NaN;NaN;NaN;9.628;9.566;9.642;Ok;2712;4561;290.45;473.70;9.340;9.630;NaN;NaN;NaN;NaN;2381;2063600;0.004
11.07.2025 12:50:00;42405466;1.000;NaNStt;NaN;NoneMsg;50.00;6992;2348;2297;2348;243.21;239.19;242.54;NaN;NaN;NaN;9.646;9.596;9.674;Ok;2693;4575;286.45;469.10;9.408;9.748;NaN;NaN;NaN;NaN;2381;2063600;0.004
11.07.2025 12:55:00;42405773;1.000;NaNStt;NaN;NoneMsg;50.00;3661;1229;1205;1227;238.49;234.91;236.91;NaN;NaN;NaN;5.148;5.116;5.168;Ok;1374;2420;300.45;467.85;4.592;5.182;NaN;NaN;NaN;NaN;2381;2063600;0.004
11.07.2025 13:00:00;42406246;1.000;NaNStt;NaN;NoneMsg;50.01;5666;1897;1878;1891;241.33;240.53;240.01;NaN;NaN;NaN;7.832;7.780;7.840;Ok;2186;3693;300.25;476.90;7.224;7.750;NaN;NaN;NaN;NaN;2381;2063600;0.004
11.07.2025 13:05:00;42406576;1.000;NaNStt;NaN;NoneMsg;49.99;3989;1339;1318;1333;238.50;236.63;236.96;NaN;NaN;NaN;5.592;5.554;5.606;Ok;1480;2651;304.20;484.20;4.846;5.468;NaN;NaN;NaN;NaN;2381;2063600;0.004
11.07.2025 13:10:00;42406762;1.000;NaNStt;NaN;NoneMsg;49.99;2239;752;734;754;235.49;231.52;234.84;NaN;NaN;NaN;3.196;3.176;3.216;Ok;789;1525;314.00;481.25;2.516;3.172;NaN;NaN;NaN;NaN;2381;2063600;0.004
11.07.2025 13:15:00;42407263;1.000;NaNStt;NaN;NoneMsg;49.99;5915;2003;1910;2002;244.62;235.07;243.17;NaN;NaN;NaN;8.110;8.070;8.152;Ok;2267;3869;313.65;483.00;7.258;8.016;NaN;NaN;NaN;NaN;2381;2063600;0.004
11.07.2025 13:20:00;42407794;1.000;NaNStt;NaN;NoneMsg;49.98;6478;2163;2153;2162;240.46;240.95;240.08;NaN;NaN;NaN;8.952;8.898;8.960;Ok;2390;4327;320.20;476.40;7.450;9.072;NaN;NaN;NaN;NaN;2381;2063600;0.004
11.07.2025 13:25:00;42408054;1.000;NaNStt;NaN;NoneMsg;50.01;3101;1041;1027;1032;235.00;234.06;232.26;NaN;NaN;NaN;4.396;4.366;4.408;Ok;1118;2092;306.70;475.80;3.602;4.392;NaN;NaN;NaN;NaN;2381;2063600;0.004
11.07.2025 13:30:00;42408326;1.000;NaNStt;NaN;NoneMsg;50.00;3200;1087;1031;1081;238.70;227.98;235.39;NaN;NaN;NaN;4.530;4.508;4.572;Ok;1158;2152;316.45;484.95;3.638;4.452;NaN;NaN;NaN;NaN;2381;2063600;0.004
11.07.2025 13:35:00;42408992;1.000;NaNStt;NaN;NoneMsg;49.99;7994;2690;2627;2677;246.47;242.16;244.71;NaN;NaN;NaN;10.916;10.854;10.944;Ok;3021;5277;314.55;479.40;9.620;11.010;NaN;NaN;NaN;NaN;2381;2063600;0.004
11.07.2025 13:40:00;42409439;1.000;NaNStt;NaN;NoneMsg;49.99;5456;1830;1812;1814;238.72;237.64;236.31;NaN;NaN;NaN;7.614;7.560;7.620;Ok;1986;3672;311.70;476.50;6.288;7.700;NaN;NaN;NaN;NaN;2381;2063600;0.004
11.07.2025 13:45:00;42409857;1.000;NaNStt;NaN;NoneMsg;50.00;4930;1674;1586;1670;241.13;232.25;238.85;NaN;NaN;NaN;6.838;6.802;6.886;Ok;1818;3297;309.15;472.00;5.830;6.944;NaN;NaN;NaN;NaN;2381;2063600;0.004
11.07.2025 13:50:00;42410316;1.000;NaNStt;NaN;NoneMsg;50.01;5583;1873;1852;1857;240.05;239.41;237.87;NaN;NaN;NaN;7.722;7.670;7.742;Ok;2033;3759;311.85;474.65;6.442;7.920;NaN;NaN;NaN;NaN;2381;2063600;0.004
11.07.2025 13:55:00;42410472;1.000;NaNStt;NaN;NoneMsg;50.02;1875;630;614;632;235.04;230.96;233.40;NaN;NaN;NaN;2.688;2.664;2.716;Ok;628;1312;315.30;471.55;1.998;2.784;NaN;NaN;NaN;NaN;2381;2063600;0.004
11.07.2025 14:00:00;42410999;1.000;NaNStt;NaN;NoneMsg;50.02;6304;2138;2032;2135;246.08;234.75;244.03;NaN;NaN;NaN;8.658;8.616;8.706;Ok;2312;4224;322.40;480.80;7.156;8.750;NaN;NaN;NaN;NaN;2381;2063600;0.004
11.07.2025 14:05:00;42411545;1.000;NaNStt;NaN;NoneMsg;50.01;6467;2165;2142;2160;241.85;240.86;240.75;NaN;NaN;NaN;8.938;8.878;8.952;Ok;2443;4270;308.05;472.95;7.934;9.032;NaN;NaN;NaN;NaN;2381;2063600;0.004
11.07.2025 14:10:00;42412202;1.000;NaNStt;NaN;NoneMsg;49.99;7921;2658;2615;2648;244.49;241.94;242.97;NaN;NaN;NaN;10.878;10.812;10.902;Ok;2950;5280;298.30;475.35;9.900;11.112;NaN;NaN;NaN;NaN;2381;2063600;0.004
11.07.2025 14:15:00;42412866;1.000;NaNStt;NaN;NoneMsg;49.99;7930;2656;2622;2652;245.25;243.53;244.44;NaN;NaN;NaN;10.832;10.770;10.854;Ok;2954;5296;293.70;468.45;10.064;11.310;NaN;NaN;NaN;NaN;2381;2063600;0.004
11.07.2025 14:20:00;42413510;1.000;NaNStt;NaN;NoneMsg;49.97;7763;2599;2566;2597;244.82;243.07;244.18;NaN;NaN;NaN;10.618;10.562;10.638;Ok;2852;5228;299.05;462.65;9.544;11.300;NaN;NaN;NaN;NaN;2381;2063600;0.004
11.07.2025 14:25:00;42413880;1.000;NaNStt;NaN;NoneMsg;49.98;4436;1486;1465;1485;239.37;237.41;238.19;NaN;NaN;NaN;6.144;6.104;6.162;Ok;1627;2987;293.10;458.30;5.574;6.512;NaN;NaN;NaN;NaN;2381;2063600;0.004
11.07.2025 14:30:00;42414544;1.000;NaNStt;NaN;NoneMsg;50.00;7962;2662;2632;2667;244.16;242.80;244.24;NaN;NaN;NaN;10.908;10.846;10.924;Ok;2945;5339;296.60;467.70;9.938;11.416;NaN;NaN;NaN;NaN;2381;2063600;0.004
11.07.2025 14:35:00;42415195;1.000;NaNStt;NaN;NoneMsg;49.99;7817;2618;2588;2612;244.57;243.25;243.60;NaN;NaN;NaN;10.708;10.644;10.726;Ok;2893;5248;288.75;462.95;10.022;11.338;NaN;NaN;NaN;NaN;2381;2063600;0.004
11.07.2025 14:40:00;42415753;1.000;NaNStt;NaN;NoneMsg;49.98;6701;2243;2218;2239;242.67;241.41;241.60;NaN;NaN;NaN;9.230;9.178;9.252;Ok;2476;4500;291.95;456.00;8.494;9.846;NaN;NaN;NaN;NaN;2381;2063600;0.004
11.07.2025 14:45:00;42416134;1.000;NaNStt;NaN;NoneMsg;50.02;4656;1560;1540;1557;239.26;237.89;238.09;NaN;NaN;NaN;6.468;6.432;6.490;Ok;1695;3144;301.70;459.95;5.670;6.848;NaN;NaN;NaN;NaN;2381;2063600;0.004
11.07.2025 14:50:00;42416324;1.000;NaNStt;NaN;NoneMsg;50.00;2287;765;755;766;234.60;233.20;233.51;NaN;NaN;NaN;3.266;3.244;3.286;Ok;777;1589;313.10;466.10;2.484;3.412;NaN;NaN;NaN;NaN;2381;2063600;0.004
11.07.2025 14:55:00;42416667;1.000;NaNStt;NaN;NoneMsg;49.99;4018;1342;1330;1346;237.61;237.33;237.62;NaN;NaN;NaN;5.572;5.544;5.592;Ok;1380;2782;317.40;478.10;4.270;5.806;NaN;NaN;NaN;NaN;2381;2063600;0.004
11.07.2025 15:00:00;42417265;1.000;NaNStt;NaN;NoneMsg;49.99;7270;2429;2406;2435;243.71;242.67;243.56;NaN;NaN;NaN;9.944;9.896;9.972;Ok;2546;4997;318.20;478.15;7.974;10.442;NaN;NaN;NaN;NaN;2381;2063600;0.004
11.07.2025 15:05:00;42417534;1.000;NaNStt;NaN;NoneMsg;50.02;3223;1083;1062;1079;237.30;234.16;234.65;NaN;NaN;NaN;4.558;4.528;4.590;Ok;1112;2223;315.50;472.75;3.524;4.708;NaN;NaN;NaN;NaN;2381;2063600;0.004
11.07.2025 15:10:00;42417757;1.000;NaNStt;NaN;NoneMsg;50.00;2675;895;880;899;236.60;234.18;235.99;NaN;NaN;NaN;3.782;3.764;3.816;Ok;905;1858;321.05;477.50;2.818;3.892;NaN;NaN;NaN;NaN;2381;2063600;0.004
11.07.2025 15:15:00;42418297;1.000;NaNStt;NaN;NoneMsg;50.00;6391;2138;2114;2139;244.72;243.26;243.85;NaN;NaN;NaN;8.688;8.648;8.720;Ok;2166;4461;330.35;479.65;6.518;9.314;NaN;NaN;NaN;NaN;2381;2063600;0.004
11.07.2025 15:20:00;42418950;1.000;NaNStt;NaN;NoneMsg;50.01;7887;2641;2609;2637;244.87;243.21;243.92;NaN;NaN;NaN;10.788;10.730;10.812;Ok;2587;5598;327.35;474.90;7.912;11.784;NaN;NaN;NaN;NaN;2381;2063600;0.004
11.07.2025 15:25:00;42419609;1.000;NaNStt;NaN;NoneMsg;50.01;7856;2651;2596;2608;244.36;240.81;239.76;NaN;NaN;NaN;10.854;10.786;10.880;Ok;2642;5519;318.50;469.15;8.298;11.756;NaN;NaN;NaN;NaN;2381;2063600;0.004
11.07.2025 15:30:00;42420223;1.000;NaNStt;NaN;NoneMsg;49.99;7366;2482;2442;2442;242.94;240.66;238.48;NaN;NaN;NaN;10.206;10.138;10.224;Ok;2485;5166;315.25;468.90;7.858;10.988;NaN;NaN;NaN;NaN;2381;2063600;0.004
11.07.2025 15:35:00;42420726;1.000;NaNStt;NaN;NoneMsg;49.99;6113;2055;2022;2036;240.35;238.13;237.86;NaN;NaN;NaN;8.498;8.446;8.518;Ok;2092;4260;300.30;462.95;6.864;9.164;NaN;NaN;NaN;NaN;2381;2063600;0.004
11.07.2025 15:40:00;42420952;1.000;NaNStt;NaN;NoneMsg;50.00;2712;910;895;906;235.30;233.38;232.83;NaN;NaN;NaN;3.872;3.840;3.892;Ok;939;1870;289.80;464.45;3.244;4.028;NaN;NaN;NaN;NaN;2381;2063600;0.004
11.07.2025 15:45:00;42421182;1.000;NaNStt;NaN;NoneMsg;50.00;2765;931;912;923;234.60;231.81;231.38;NaN;NaN;NaN;3.968;3.932;3.986;Ok;942;1918;296.20;473.45;3.208;4.046;NaN;NaN;NaN;NaN;2381;2063600;0.004
11.07.2025 15:50:00;42421412;1.000;NaNStt;NaN;NoneMsg;50.00;2729;929;874;925;238.98;226.39;235.62;NaN;NaN;NaN;3.890;3.866;3.934;Ok;902;1918;306.65;479.15;2.942;4.006;NaN;NaN;NaN;NaN;2381;2063600;0.004
11.07.2025 15:55:00;42421865;1.000;NaNStt;NaN;NoneMsg;49.98;5447;1856;1751;1840;244.45;231.75;240.63;NaN;NaN;NaN;7.598;7.560;7.654;Ok;1879;3766;304.65;476.60;6.174;7.904;NaN;NaN;NaN;NaN;2381;2063600;0.004
11.07.2025 16:00:00;42422198;1.000;NaNStt;NaN;NoneMsg;50.00;4009;1347;1321;1341;237.77;234.47;235.46;NaN;NaN;NaN;5.672;5.638;5.698;Ok;1340;2811;287.95;471.10;4.668;5.972;NaN;NaN;NaN;NaN;2381;2063600;0.004
11.07.2025 16:05:00;42422515;1.000;NaNStt;NaN;NoneMsg;50.01;3783;1272;1247;1265;238.29;235.06;235.88;NaN;NaN;NaN;5.342;5.308;5.368;Ok;1298;2620;274.60;481.20;4.732;5.446;NaN;NaN;NaN;NaN;2381;2063600;0.004
11.07.2025 16:10:00;42422899;1.000;NaNStt;NaN;NoneMsg;49.99;4631;1552;1530;1549;240.55;238.52;239.08;NaN;NaN;NaN;6.452;6.418;6.478;Ok;1575;3225;276.30;476.05;5.694;6.784;NaN;NaN;NaN;NaN;2381;2063600;0.004
11.07.2025 16:15:00;42423085;1.000;NaNStt;NaN;NoneMsg;50.00;2242;750;741;750;235.44;234.39;234.01;NaN;NaN;NaN;3.192;3.168;3.210;Ok;735;1587;274.25;471.35;2.684;3.370;NaN;NaN;NaN;NaN;2381;2063600;0.004
11.07.2025 16:20:00;42423399;1.000;NaNStt;NaN;NoneMsg;50.01;3762;1263;1240;1258;237.78;235.49;235.97;NaN;NaN;NaN;5.280;5.248;5.306;Ok;1247;2650;288.20;478.25;4.316;5.538;NaN;NaN;NaN;NaN;2381;2063600;0.004
11.07.2025 16:25:00;42423650;1.000;NaNStt;NaN;NoneMsg;49.98;2920;984;959;976;237.45;233.33;234.92;NaN;NaN;NaN;4.112;4.086;4.140;Ok;978;2048;283.95;467.00;3.460;4.378;NaN;NaN;NaN;NaN;2381;2063600;0.004
11.07.2025 16:30:00;42424237;1.000;NaNStt;NaN;NoneMsg;49.98;7077;2394;2325;2358;245.17;239.43;240.61;NaN;NaN;NaN;9.774;9.716;9.808;Ok;2434;4921;275.80;471.20;8.834;10.446;NaN;NaN;NaN;NaN;2381;2063600;0.004
11.07.2025 16:35:00;42424613;1.000;NaNStt;NaN;NoneMsg;50.00;4516;1524;1483;1508;241.27;235.97;237.53;NaN;NaN;NaN;6.324;6.288;6.354;Ok;1533;3154;268.45;461.15;5.716;6.838;NaN;NaN;NaN;NaN;2381;2063600;0.004
11.07.2025 16:40:00;42425048;1.000;NaNStt;NaN;NoneMsg;49.97;5225;1760;1724;1741;243.01;239.52;239.57;NaN;NaN;NaN;7.250;7.204;7.274;Ok;1783;3648;269.40;457.15;6.630;7.984;NaN;NaN;NaN;NaN;2381;2063600;0.004
11.07.2025 16:45:00;42425445;1.000;NaNStt;NaN;NoneMsg;49.97;4770;1608;1577;1586;241.87;238.95;237.97;NaN;NaN;NaN;6.650;6.602;6.666;Ok;1634;3319;266.25;462.45;6.144;7.182;NaN;NaN;NaN;NaN;2381;2063600;0.004
11.07.2025 16:50:00;42425844;1.000;NaNStt;NaN;NoneMsg;50.00;4795;1615;1585;1595;241.22;238.31;237.63;NaN;NaN;NaN;6.700;6.656;6.718;Ok;1641;3339;267.00;460.50;6.154;7.252;NaN;NaN;NaN;NaN;2381;2063600;0.004
11.07.2025 16:55:00;42426189;1.000;NaNStt;NaN;NoneMsg;49.99;4151;1397;1370;1384;239.61;236.52;236.34;NaN;NaN;NaN;5.836;5.798;5.858;Ok;1403;2903;270.10;463.00;5.200;6.276;NaN;NaN;NaN;NaN;2381;2063600;0.004
11.07.2025 17:00:00;42426472;1.000;NaNStt;NaN;NoneMsg;50.00;3406;1144;1122;1140;238.38;234.84;235.91;NaN;NaN;NaN;4.806;4.780;4.838;Ok;1143;2385;270.25;475.05;4.234;5.024;NaN;NaN;NaN;NaN;2381;2063600;0.004
11.07.2025 17:05:00;42426750;1.000;NaNStt;NaN;NoneMsg;50.07;3327;1117;1096;1114;238.35;235.16;236.08;NaN;NaN;NaN;4.692;4.666;4.722;Ok;1118;2327;272.65;475.75;4.104;4.894;NaN;NaN;NaN;NaN;2381;2063600;0.004
11.07.2025 17:10:00;42427044;1.000;NaNStt;NaN;NoneMsg;50.04;3532;1185;1168;1179;237.89;236.07;235.54;NaN;NaN;NaN;4.986;4.952;5.010;Ok;1185;2471;275.05;480.65;4.316;5.144;NaN;NaN;NaN;NaN;2381;2063600;0.004
11.07.2025 17:15:00;42427284;1.000;NaNStt;NaN;NoneMsg;50.00;2888;966;954;967;236.44;234.90;234.98;NaN;NaN;NaN;4.092;4.068;4.120;Ok;933;2050;302.45;483.85;3.116;4.240;NaN;NaN;NaN;NaN;2381;2063600;0.004
11.07.2025 17:20:00;42427546;1.000;NaNStt;NaN;NoneMsg;50.00;3138;1050;1038;1050;236.54;234.87;235.12;NaN;NaN;NaN;4.446;4.424;4.472;Ok;992;2252;297.80;485.20;3.382;4.644;NaN;NaN;NaN;NaN;2381;2063600;0.004
11.07.2025 17:25:00;42427837;1.000;NaNStt;NaN;NoneMsg;49.98;3468;1162;1146;1160;236.75;234.62;234.98;NaN;NaN;NaN;4.912;4.888;4.940;Ok;1141;2449;273.00;481.55;4.184;5.096;NaN;NaN;NaN;NaN;2381;2063600;0.004
11.07.2025 17:30:00;42428284;1.000;NaNStt;NaN;NoneMsg;49.99;5386;1811;1777;1798;240.26;237.24;237.80;NaN;NaN;NaN;7.534;7.492;7.562;Ok;1772;3823;270.75;458.70;6.544;8.340;NaN;NaN;NaN;NaN;2381;2063600;0.004
11.07.2025 17:35:00;42428667;1.000;NaNStt;NaN;NoneMsg;50.02;4559;1533;1508;1517;238.93;236.65;235.67;NaN;NaN;NaN;6.418;6.376;6.442;Ok;1492;3246;266.85;448.20;5.606;7.278;NaN;NaN;NaN;NaN;2381;2063600;0.004
11.07.2025 17:40:00;42429133;1.000;NaNStt;NaN;NoneMsg;49.99;5593;1882;1847;1863;241.56;238.65;238.30;NaN;NaN;NaN;7.800;7.750;7.830;Ok;1843;3973;262.45;450.65;7.028;8.820;NaN;NaN;NaN;NaN;2381;2063600;0.004
11.07.2025 17:45:00;42429581;1.000;NaNStt;NaN;NoneMsg;49.98;5385;1811;1780;1794;240.40;237.79;237.39;NaN;NaN;NaN;7.544;7.494;7.568;Ok;1778;3823;257.85;447.70;6.900;8.540;NaN;NaN;NaN;NaN;2381;2063600;0.004
11.07.2025 17:50:00;42430012;1.000;NaNStt;NaN;NoneMsg;50.00;5173;1737;1712;1725;239.25;237.11;236.65;NaN;NaN;NaN;7.270;7.230;7.298;Ok;1709;3670;257.60;447.70;6.640;8.202;NaN;NaN;NaN;NaN;2381;2063600;0.004
11.07.2025 17:55:00;42430439;1.000;NaNStt;NaN;NoneMsg;50.00;5119;1721;1695;1703;238.80;236.69;235.46;NaN;NaN;NaN;7.216;7.174;7.242;Ok;1685;3637;256.80;445.70;6.570;8.162;NaN;NaN;NaN;NaN;2381;2063600;0.004
11.07.2025 18:00:00;42430857;1.000;NaNStt;NaN;NoneMsg;50.00;5015;1684;1659;1671;238.60;236.25;235.74;NaN;NaN;NaN;7.070;7.034;7.098;Ok;1649;3564;255.80;447.85;6.450;7.962;NaN;NaN;NaN;NaN;2381;2063600;0.004
11.07.2025 18:05:00;42431239;1.000;NaNStt;NaN;NoneMsg;50.06;4601;1539;1523;1539;235.50;234.11;234.55;NaN;NaN;NaN;6.544;6.516;6.574;Ok;1381;3397;276.20;449.40;5.020;7.562;NaN;NaN;NaN;NaN;2381;2063600;0.004
11.07.2025 18:10:00;42431610;1.000;NaNStt;NaN;NoneMsg;50.02;4445;1492;1469;1485;237.00;234.41;234.58;NaN;NaN;NaN;6.304;6.276;6.336;Ok;1337;3278;260.25;449.15;5.202;7.300;NaN;NaN;NaN;NaN;2381;2063600;0.004
11.07.2025 18:15:00;42431990;1.000;NaNStt;NaN;NoneMsg;49.99;4544;1527;1499;1517;236.93;233.72;234.13;NaN;NaN;NaN;6.456;6.424;6.488;Ok;1424;3293;244.10;451.85;5.838;7.290;NaN;NaN;NaN;NaN;2381;2063600;0.004
11.07.2025 18:20:00;42432354;1.000;NaNStt;NaN;NoneMsg;50.00;4391;1474;1449;1468;236.18;233.31;234.07;NaN;NaN;NaN;6.246;6.216;6.280;Ok;1368;3187;240.75;455.25;5.690;7.002;NaN;NaN;NaN;NaN;2381;2063600;0.004
11.07.2025 18:25:00;42432707;1.000;NaNStt;NaN;NoneMsg;49.99;4232;1413;1402;1417;234.19;233.38;233.60;NaN;NaN;NaN;6.042;6.014;6.070;Ok;1323;3065;242.25;459.05;5.468;6.680;NaN;NaN;NaN;NaN;2381;2063600;0.004
11.07.2025 18:30:00;42433043;1.000;NaNStt;NaN;NoneMsg;49.97;4043;1357;1342;1344;234.13;232.76;230.75;NaN;NaN;NaN;5.804;5.772;5.830;Ok;1264;2925;240.70;463.45;5.260;6.314;NaN;NaN;NaN;NaN;2381;2063600;0.004
11.07.2025 18:35:00;42433372;1.000;NaNStt;NaN;NoneMsg;49.98;3939;1322;1307;1309;234.30;232.78;230.80;NaN;NaN;NaN;5.652;5.624;5.680;Ok;1229;2850;240.75;465.70;5.112;6.124;NaN;NaN;NaN;NaN;2381;2063600;0.004
11.07.2025 18:40:00;42433638;1.000;NaNStt;NaN;NoneMsg;49.96;3204;1077;1060;1067;234.05;231.58;230.34;NaN;NaN;NaN;4.602;4.580;4.628;Ok;1002;2323;239.80;446.70;4.180;5.214;NaN;NaN;NaN;NaN;2381;2063600;0.004
11.07.2025 18:45:00;42433952;1.000;NaNStt;NaN;NoneMsg;49.96;3763;1269;1244;1250;235.66;232.38;230.84;NaN;NaN;NaN;5.392;5.358;5.420;Ok;1168;2736;240.40;445.40;4.866;6.144;NaN;NaN;NaN;NaN;2381;2063600;0.004
11.07.2025 18:50:00;42434261;1.000;NaNStt;NaN;NoneMsg;49.98;3709;1251;1230;1228;235.02;232.74;229.74;NaN;NaN;NaN;5.330;5.290;5.350;Ok;1153;2696;240.10;442.70;4.806;6.092;NaN;NaN;NaN;NaN;2381;2063600;0.004
11.07.2025 18:55:00;42434547;1.000;NaNStt;NaN;NoneMsg;49.97;3450;1160;1128;1162;233.03;227.39;231.85;NaN;NaN;NaN;4.984;4.964;5.020;Ok;1069;2511;242.20;441.90;4.420;5.684;NaN;NaN;NaN;NaN;2381;2063600;0.004
11.07.2025 19:00:00;42434834;1.000;NaNStt;NaN;NoneMsg;49.96;3441;1162;1125;1154;235.73;229.33;232.61;NaN;NaN;NaN;4.934;4.912;4.970;Ok;1064;2507;240.05;442.35;4.438;5.670;NaN;NaN;NaN;NaN;2381;2063600;0.004
11.07.2025 19:05:00;42435108;1.000;NaNStt;NaN;NoneMsg;50.04;3295;1110;1081;1104;234.58;229.64;231.86;NaN;NaN;NaN;4.736;4.714;4.766;Ok;1017;2401;240.00;443.45;4.242;5.418;NaN;NaN;NaN;NaN;2381;2063600;0.004
11.07.2025 19:10:00;42435369;1.000;NaNStt;NaN;NoneMsg;49.99;3131;1051;1029;1051;232.26;228.52;230.91;NaN;NaN;NaN;4.532;4.506;4.554;Ok;974;2275;239.50;439.30;4.072;5.180;NaN;NaN;NaN;NaN;2381;2063600;0.004
11.07.2025 19:15:00;42435615;1.000;NaNStt;NaN;NoneMsg;49.97;2955;995;963;997;234.08;227.25;232.70;NaN;NaN;NaN;4.258;4.244;4.292;Ok;921;2148;239.70;431.00;3.848;4.988;NaN;NaN;NaN;NaN;2381;2063600;0.004
11.07.2025 19:20:00;42435842;1.000;NaNStt;NaN;NoneMsg;49.99;2729;919;892;918;233.89;227.39;231.43;NaN;NaN;NaN;3.936;3.924;3.970;Ok;741;2093;255.70;431.50;2.910;4.852;NaN;NaN;NaN;NaN;2381;2063600;0.004
11.07.2025 19:25:00;42436065;1.000;NaNStt;NaN;NoneMsg;49.98;2670;899;870;901;232.36;225.54;231.08;NaN;NaN;NaN;3.874;3.862;3.906;Ok;781;1990;228.95;433.10;3.430;4.598;NaN;NaN;NaN;NaN;2381;2063600;0.004
11.07.2025 19:30:00;42436277;1.000;NaNStt;NaN;NoneMsg;49.97;2547;856;835;856;231.96;227.15;230.35;NaN;NaN;NaN;3.698;3.684;3.722;Ok;753;1891;223.70;432.80;3.376;4.372;NaN;NaN;NaN;NaN;2381;2063600;0.004
11.07.2025 19:35:00;42436479;1.000;NaNStt;NaN;NoneMsg;50.03;2428;818;796;814;233.60;227.94;230.33;NaN;NaN;NaN;3.512;3.498;3.542;Ok;711;1809;223.20;437.20;3.192;4.140;NaN;NaN;NaN;NaN;2381;2063600;0.004
11.07.2025 19:40:00;42436667;1.000;NaNStt;NaN;NoneMsg;49.98;2264;760;746;757;233.26;229.81;230.45;NaN;NaN;NaN;3.266;3.254;3.294;Ok;639;1712;226.95;437.55;2.824;3.916;NaN;NaN;NaN;NaN;2381;2063600;0.004
11.07.2025 19:45:00;42436841;1.000;NaNStt;NaN;NoneMsg;49.97;2085;698;689;697;232.01;230.17;229.94;NaN;NaN;NaN;3.018;3.002;3.040;Ok;549;1616;233.80;441.00;2.354;3.666;NaN;NaN;NaN;NaN;2381;2063600;0.004
11.07.2025 19:50:00;42437007;1.000;NaNStt;NaN;NoneMsg;49.99;1999;669;662;668;231.57;230.72;229.35;NaN;NaN;NaN;2.896;2.878;2.922;Ok;534;1542;201.65;443.70;2.656;3.478;NaN;NaN;NaN;NaN;2381;2063600;0.004
11.07.2025 19:55:00;42437165;1.000;NaNStt;NaN;NoneMsg;49.98;1901;637;632;632;230.70;230.87;227.47;NaN;NaN;NaN;2.772;2.744;2.786;Ok;509;1466;202.40;445.15;2.518;3.296;NaN;NaN;NaN;NaN;2381;2063600;0.004
11.07.2025 20:00:00;42437312;1.000;NaNStt;NaN;NoneMsg;49.97;1763;592;585;587;230.68;229.89;227.49;NaN;NaN;NaN;2.574;2.550;2.588;Ok;444;1387;200.55;446.75;2.226;3.108;NaN;NaN;NaN;NaN;2381;2063600;0.004
11.07.2025 20:05:00;42437446;1.000;NaNStt;NaN;NoneMsg;49.99;1609;540;533;537;233.32;231.27;229.82;NaN;NaN;NaN;2.324;2.310;2.344;Ok;411;1263;194.80;444.65;2.116;2.842;NaN;NaN;NaN;NaN;2381;2063600;0.004
11.07.2025 20:10:00;42437563;1.000;NaNStt;NaN;NoneMsg;49.98;1407;470;466;470;232.04;231.09;229.11;NaN;NaN;NaN;2.036;2.028;2.062;Ok;331;1131;202.10;450.60;1.644;2.514;NaN;NaN;NaN;NaN;2381;2063600;0.004
11.07.2025 20:15:00;42437672;1.000;NaNStt;NaN;NoneMsg;49.98;1309;431;438;440;226.64;230.87;229.82;NaN;NaN;NaN;1.908;1.910;1.926;Ok;336;1029;180.10;438.70;1.870;2.348;NaN;NaN;NaN;NaN;2381;2063600;0.004
11.07.2025 20:20:00;42437771;1.000;NaNStt;NaN;NoneMsg;50.01;1196;395;399;402;227.57;230.34;229.58;NaN;NaN;NaN;1.744;1.746;1.762;Ok;290;958;173.10;431.40;1.680;2.224;NaN;NaN;NaN;NaN;2381;2063600;0.004
11.07.2025 20:25:00;42437858;1.000;NaNStt;NaN;NoneMsg;49.99;1050;349;349;352;228.96;229.09;228.11;NaN;NaN;NaN;1.536;1.536;1.558;Ok;237;858;175.00;432.85;1.364;1.986;NaN;NaN;NaN;NaN;2381;2063600;0.004
11.07.2025 20:30:00;42437935;1.000;NaNStt;NaN;NoneMsg;50.00;917;305;303;308;229.73;228.90;228.86;NaN;NaN;NaN;1.338;1.342;1.362;Ok;196;763;165.75;425.00;1.200;1.800;NaN;NaN;NaN;NaN;2381;2063600;0.004
11.07.2025 20:35:00;42438003;1.000;NaNStt;NaN;NoneMsg;50.01;818;272;271;274;229.53;229.54;228.95;NaN;NaN;NaN;1.198;1.196;1.214;Ok;175;683;156.75;423.35;1.128;1.616;NaN;NaN;NaN;NaN;2381;2063600;0.004
11.07.2025 20:40:00;42438061;1.000;NaNStt;NaN;NoneMsg;50.00;706;235;234;237;228.57;228.97;228.38;NaN;NaN;NaN;1.040;1.040;1.058;Ok;136;606;166.55;420.75;0.828;1.442;NaN;NaN;NaN;NaN;2381;2063600;0.004
11.07.2025 20:45:00;42438110;1.000;NaNStt;NaN;NoneMsg;50.00;591;197;195;198;228.88;228.63;227.43;NaN;NaN;NaN;0.878;0.874;0.896;Ok;101;522;170.15;417.25;0.598;1.254;NaN;NaN;NaN;NaN;2381;2063600;0.004
11.07.2025 20:50:00;42438151;1.000;NaNStt;NaN;NoneMsg;50.01;488;163;162;163;228.95;228.87;226.79;NaN;NaN;NaN;0.730;0.728;0.744;Ok;82;435;238.25;413.05;0.366;1.056;NaN;NaN;NaN;NaN;2381;2063600;0.004
11.07.2025 20:55:00;42438185;1.000;NaNStt;NaN;NoneMsg;50.00;412;138;136;139;229.29;226.69;225.71;NaN;NaN;NaN;0.616;0.620;0.634;Ok;76;360;265.85;416.55;0.292;0.870;NaN;NaN;NaN;NaN;2381;2063600;0.004
11.07.2025 21:00:00;42438214;1.000;NaNStt;NaN;NoneMsg;50.01;341;114;113;115;228.37;226.22;226.44;NaN;NaN;NaN;0.518;0.528;0.532;Ok;70;293;255.25;432.15;0.282;0.684;NaN;NaN;NaN;NaN;2381;2063600;0.004
11.07.2025 21:05:00;42438238;1.000;NaNStt;NaN;NoneMsg;49.99;288;96;95;96;227.55;227.39;225.10;NaN;NaN;NaN;0.446;0.454;0.456;Ok;65;248;266.45;414.15;0.250;0.604;NaN;NaN;NaN;NaN;2381;2063600;0.004
11.07.2025 21:10:00;42438257;1.000;NaNStt;NaN;NoneMsg;50.01;240;81;79;80;227.91;228.34;224.35;NaN;NaN;NaN;0.384;0.384;0.390;Ok;59;205;262.90;459.35;0.230;0.450;NaN;NaN;NaN;NaN;2381;2063600;0.004
11.07.2025 21:15:00;42438273;1.000;NaNStt;NaN;NoneMsg;50.01;193;65;63;64;228.02;228.06;225.14;NaN;NaN;NaN;0.322;0.328;0.328;Ok;51;163;258.80;486.60;0.200;0.338;NaN;NaN;NaN;NaN;2381;2063600;0.004
11.07.2025 21:20:00;42438287;1.000;NaNStt;NaN;NoneMsg;50.01;162;55;53;54;227.64;228.18;225.14;NaN;NaN;NaN;0.284;0.290;0.292;Ok;40;138;258.45;499.50;0.158;0.278;NaN;NaN;NaN;NaN;2381;2063600;0.004
11.07.2025 21:25:00;42438297;1.000;NaNStt;NaN;NoneMsg;50.01;125;43;41;42;227.34;228.29;224.27;NaN;NaN;NaN;0.246;0.246;0.254;Ok;29;108;265.95;479.90;0.114;0.228;NaN;NaN;NaN;NaN;2381;2063600;0.004
11.07.2025 21:30:00;42438305;1.000;NaNStt;NaN;NoneMsg;50.01;88;30;28;30;227.43;226.84;224.53;NaN;NaN;NaN;0.204;0.210;0.214;Ok;23;76;273.05;487.55;0.090;0.158;NaN;NaN;NaN;NaN;2381;2063600;0.004
11.07.2025 21:35:00;42438311;1.000;NaNStt;NaN;NoneMsg;50.01;74;25;24;25;227.64;226.90;226.32;NaN;NaN;NaN;0.196;0.200;0.208;Ok;18;74;275.10;440.50;0.072;0.172;NaN;NaN;NaN;NaN;2381;2063600;0.004
11.07.2025 21:40:00;42438315;1.000;NaNStt;NaN;NoneMsg;50.01;52;18;17;18;227.58;227.01;226.35;NaN;NaN;NaN;0.184;0.188;0.194;Ok;14;56;267.90;470.20;0.056;0.122;NaN;NaN;NaN;NaN;2381;2063600;0.004
11.07.2025 21:45:00;42438317;1.000;NaNStt;NaN;NoneMsg;50.02;27;10;8;9;227.79;227.48;225.08;NaN;NaN;NaN;0.170;0.170;0.184;Ok;7;30;263.20;480.10;0.032;0.064;NaN;NaN;NaN;NaN;2381;2063600;0.004
11.07.2025 21:50:00;42438317;1.000;NaNStt;NaN;NoneMsg;50.00;1;0;0;0;228.45;228.71;225.90;NaN;NaN;NaN;0.008;0.008;0.008;Ok;0;1;209.10;515.95;0.000;0.002;NaN;NaN;NaN;NaN;2381;2063600;0.000
11.07.2025 21:55:00;42438317;NaN;NaNStt;NaN;NoneMsg;50.00;0;0;0;0;228.45;228.74;226.25;NaN;NaN;NaN;0.000;0.000;0.000;Ok;0;0;133.05;454.90;0.000;0.000;NaN;NaN;NaN;NaN;2381;2063600;0.000
11.07.2025 22:00:00;42438317;NaN;NaNStt;NaN;NoneMsg;50.03;0;0;0;0;228.33;228.02;226.12;NaN;NaN;NaN;0.000;0.000;0.000;Ok;0;0;126.65;389.25;0.000;0.000;NaN;NaN;NaN;NaN;2381;2063600;0.000
11.07.2025 22:05:00;42438317;NaN;NaNStt;NaN;NoneMsg;NaN;NaN;NaN;NaN;NaN;NaN;NaN;NaN;NaN;NaN;NaN;NaN;NaN;NaN;Ok;NaN;NaN;NaN;NaN;NaN;NaN;NaN;NaN;NaN;NaN;2381;NaN;NaN
11.07.2025 22:10:00;42438317;NaN;NaNStt;NaN;NoneMsg;NaN;NaN;NaN;NaN;NaN;NaN;NaN;NaN;NaN;NaN;NaN;NaN;NaN;NaN;Ok;NaN;NaN;NaN;NaN;NaN;NaN;NaN;NaN;NaN;NaN;2381;NaN;NaN
11.07.2025 22:15:00;42438317;NaN;NaNStt;NaN;NoneMsg;NaN;NaN;NaN;NaN;NaN;NaN;NaN;NaN;NaN;NaN;NaN;NaN;NaN;NaN;Ok;NaN;NaN;NaN;NaN;NaN;NaN;NaN;NaN;NaN;NaN;2381;NaN;NaN
11.07.2025 22:20:00;42438317;NaN;NaNStt;NaN;NoneMsg;NaN;NaN;NaN;NaN;NaN;NaN;NaN;NaN;NaN;NaN;NaN;NaN;NaN;NaN;Ok;NaN;NaN;NaN;NaN;NaN;NaN;NaN;NaN;NaN;NaN;2381;NaN;NaN
11.07.2025 22:25:00;42438317;NaN;NaNStt;NaN;NoneMsg;NaN;NaN;NaN;NaN;NaN;NaN;NaN;NaN;NaN;NaN;NaN;NaN;NaN;NaN;Ok;NaN;NaN;NaN;NaN;NaN;NaN;NaN;NaN;NaN;NaN;2381;NaN;NaN
11.07.2025 22:30:00;42438317;NaN;NaNStt;NaN;NoneMsg;NaN;NaN;NaN;NaN;NaN;NaN;NaN;NaN;NaN;NaN;NaN;NaN;NaN;NaN;Ok;NaN;NaN;NaN;NaN;NaN;NaN;NaN;NaN;NaN;NaN;2381;NaN;NaN
11.07.2025 22:35:00;42438317;NaN;NaNStt;NaN;NoneMsg;NaN;NaN;NaN;NaN;NaN;NaN;NaN;NaN;NaN;NaN;NaN;NaN;NaN;NaN;Ok;NaN;NaN;NaN;NaN;NaN;NaN;NaN;NaN;NaN;NaN;2381;NaN;NaN
11.07.2025 22:40:00;42438317;NaN;NaNStt;NaN;NoneMsg;NaN;NaN;NaN;NaN;NaN;NaN;NaN;NaN;NaN;NaN;NaN;NaN;NaN;NaN;Ok;NaN;NaN;NaN;NaN;NaN;NaN;NaN;NaN;NaN;NaN;2381;NaN;NaN
11.07.2025 22:45:00;42438317;NaN;NaNStt;NaN;NoneMsg;NaN;NaN;NaN;NaN;NaN;NaN;NaN;NaN;NaN;NaN;NaN;NaN;NaN;NaN;Ok;NaN;NaN;NaN;NaN;NaN;NaN;NaN;NaN;NaN;NaN;2381;NaN;NaN
11.07.2025 22:50:00;42438317;NaN;NaNStt;NaN;NoneMsg;NaN;NaN;NaN;NaN;NaN;NaN;NaN;NaN;NaN;NaN;NaN;NaN;NaN;NaN;Ok;NaN;NaN;NaN;NaN;NaN;NaN;NaN;NaN;NaN;NaN;2381;NaN;NaN
11.07.2025 22:55:00;42438317;NaN;NaNStt;NaN;NoneMsg;NaN;NaN;NaN;NaN;NaN;NaN;NaN;NaN;NaN;NaN;NaN;NaN;NaN;NaN;Ok;NaN;NaN;NaN;NaN;NaN;NaN;NaN;NaN;NaN;NaN;2381;NaN;NaN
11.07.2025 23:00:00;42438317;NaN;NaNStt;NaN;NoneMsg;NaN;NaN;NaN;NaN;NaN;NaN;NaN;NaN;NaN;NaN;NaN;NaN;NaN;NaN;Ok;NaN;NaN;NaN;NaN;NaN;NaN;NaN;NaN;NaN;NaN;2381;NaN;NaN
11.07.2025 23:05:00;42438317;NaN;NaNStt;NaN;NoneMsg;NaN;NaN;NaN;NaN;NaN;NaN;NaN;NaN;NaN;NaN;NaN;NaN;NaN;NaN;Ok;NaN;NaN;NaN;NaN;NaN;NaN;NaN;NaN;NaN;NaN;2381;NaN;NaN
11.07.2025 23:10:00;42438317;NaN;NaNStt;NaN;NoneMsg;NaN;NaN;NaN;NaN;NaN;NaN;NaN;NaN;NaN;NaN;NaN;NaN;NaN;NaN;Ok;NaN;NaN;NaN;NaN;NaN;NaN;NaN;NaN;NaN;NaN;2381;NaN;NaN
11.07.2025 23:15:00;42438317;NaN;NaNStt;NaN;NoneMsg;NaN;NaN;NaN;NaN;NaN;NaN;NaN;NaN;NaN;NaN;NaN;NaN;NaN;NaN;Ok;NaN;NaN;NaN;NaN;NaN;NaN;NaN;NaN;NaN;NaN;2381;NaN;NaN
11.07.2025 23:20:00;42438317;NaN;NaNStt;NaN;NoneMsg;NaN;NaN;NaN;NaN;NaN;NaN;NaN;NaN;NaN;NaN;NaN;NaN;NaN;NaN;Ok;NaN;NaN;NaN;NaN;NaN;NaN;NaN;NaN;NaN;NaN;2381;NaN;NaN
11.07.2025 23:25:00;42438317;NaN;NaNStt;NaN;NoneMsg;NaN;NaN;NaN;NaN;NaN;NaN;NaN;NaN;NaN;NaN;NaN;NaN;NaN;NaN;Ok;NaN;NaN;NaN;NaN;NaN;NaN;NaN;NaN;NaN;NaN;2381;NaN;NaN
11.07.2025 23:30:00;42438317;NaN;NaNStt;NaN;NoneMsg;NaN;NaN;NaN;NaN;NaN;NaN;NaN;NaN;NaN;NaN;NaN;NaN;NaN;NaN;Ok;NaN;NaN;NaN;NaN;NaN;NaN;NaN;NaN;NaN;NaN;2381;NaN;NaN
11.07.2025 23:35:00;42438317;NaN;NaNStt;NaN;NoneMsg;NaN;NaN;NaN;NaN;NaN;NaN;NaN;NaN;NaN;NaN;NaN;NaN;NaN;NaN;Ok;NaN;NaN;NaN;NaN;NaN;NaN;NaN;NaN;NaN;NaN;2381;NaN;NaN
11.07.2025 23:40:00;42438317;NaN;NaNStt;NaN;NoneMsg;NaN;NaN;NaN;NaN;NaN;NaN;NaN;NaN;NaN;NaN;NaN;NaN;NaN;NaN;Ok;NaN;NaN;NaN;NaN;NaN;NaN;NaN;NaN;NaN;NaN;2381;NaN;NaN
11.07.2025 23:45:00;42438317;NaN;NaNStt;NaN;NoneMsg;NaN;NaN;NaN;NaN;NaN;NaN;NaN;NaN;NaN;NaN;NaN;NaN;NaN;NaN;Ok;NaN;NaN;NaN;NaN;NaN;NaN;NaN;NaN;NaN;NaN;2381;NaN;NaN
11.07.2025 23:50:00;42438317;NaN;NaNStt;NaN;NoneMsg;NaN;NaN;NaN;NaN;NaN;NaN;NaN;NaN;NaN;NaN;NaN;NaN;NaN;NaN;Ok;NaN;NaN;NaN;NaN;NaN;NaN;NaN;NaN;NaN;NaN;2381;NaN;NaN
11.07.2025 23:55:00;42438317;NaN;NaNStt;NaN;NoneMsg;NaN;NaN;NaN;NaN;NaN;NaN;NaN;NaN;NaN;NaN;NaN;NaN;NaN;NaN;Ok;NaN;NaN;NaN;NaN;NaN;NaN;NaN;NaN;NaN;NaN;2381;NaN;NaN
12.07.2025 00:00:00;42438317;NaN;NaNStt;NaN;NoneMsg;NaN;NaN;NaN;NaN;NaN;NaN;NaN;NaN;NaN;NaN;NaN;NaN;NaN;NaN;Ok;NaN;NaN;NaN;NaN;NaN;NaN;NaN;NaN;NaN;NaN;2381;NaN;NaN
12.07.2025 00:05:00;42438317;NaN;NaNStt;NaN;NoneMsg;NaN;NaN;NaN;NaN;NaN;NaN;NaN;NaN;NaN;NaN;NaN;NaN;NaN;NaN;Ok;NaN;NaN;NaN;NaN;NaN;NaN;NaN;NaN;NaN;NaN;2381;NaN;NaN
12.07.2025 00:10:00;42438317;NaN;NaNStt;NaN;NoneMsg;NaN;NaN;NaN;NaN;NaN;NaN;NaN;NaN;NaN;NaN;NaN;NaN;NaN;NaN;Ok;NaN;NaN;NaN;NaN;NaN;NaN;NaN;NaN;NaN;NaN;2381;NaN;NaN
12.07.2025 00:15:00;42438317;NaN;NaNStt;NaN;NoneMsg;NaN;NaN;NaN;NaN;NaN;NaN;NaN;NaN;NaN;NaN;NaN;NaN;NaN;NaN;Ok;NaN;NaN;NaN;NaN;NaN;NaN;NaN;NaN;NaN;NaN;2381;NaN;NaN
12.07.2025 00:20:00;42438317;NaN;NaNStt;NaN;NoneMsg;NaN;NaN;NaN;NaN;NaN;NaN;NaN;NaN;NaN;NaN;NaN;NaN;NaN;NaN;Ok;NaN;NaN;NaN;NaN;NaN;NaN;NaN;NaN;NaN;NaN;2381;NaN;NaN
12.07.2025 00:25:00;42438317;NaN;NaNStt;NaN;NoneMsg;NaN;NaN;NaN;NaN;NaN;NaN;NaN;NaN;NaN;NaN;NaN;NaN;NaN;NaN;Ok;NaN;NaN;NaN;NaN;NaN;NaN;NaN;NaN;NaN;NaN;2381;NaN;NaN
12.07.2025 00:30:00;42438317;NaN;NaNStt;NaN;NoneMsg;NaN;NaN;NaN;NaN;NaN;NaN;NaN;NaN;NaN;NaN;NaN;NaN;NaN;NaN;Ok;NaN;NaN;NaN;NaN;NaN;NaN;NaN;NaN;NaN;NaN;2381;NaN;NaN
12.07.2025 00:35:00;42438317;NaN;NaNStt;NaN;NoneMsg;NaN;NaN;NaN;NaN;NaN;NaN;NaN;NaN;NaN;NaN;NaN;NaN;NaN;NaN;Ok;NaN;NaN;NaN;NaN;NaN;NaN;NaN;NaN;NaN;NaN;2381;NaN;NaN
12.07.2025 00:40:00;42438317;NaN;NaNStt;NaN;NoneMsg;NaN;NaN;NaN;NaN;NaN;NaN;NaN;NaN;NaN;NaN;NaN;NaN;NaN;NaN;Ok;NaN;NaN;NaN;NaN;NaN;NaN;NaN;NaN;NaN;NaN;2381;NaN;NaN
12.07.2025 00:45:00;42438317;NaN;NaNStt;NaN;NoneMsg;NaN;NaN;NaN;NaN;NaN;NaN;NaN;NaN;NaN;NaN;NaN;NaN;NaN;NaN;Ok;NaN;NaN;NaN;NaN;NaN;NaN;NaN;NaN;NaN;NaN;2381;NaN;NaN
12.07.2025 00:50:00;42438317;NaN;NaNStt;NaN;NoneMsg;NaN;NaN;NaN;NaN;NaN;NaN;NaN;NaN;NaN;NaN;NaN;NaN;NaN;NaN;Ok;NaN;NaN;NaN;NaN;NaN;NaN;NaN;NaN;NaN;NaN;2381;NaN;NaN
12.07.2025 00:55:00;42438317;NaN;NaNStt;NaN;NoneMsg;NaN;NaN;NaN;NaN;NaN;NaN;NaN;NaN;NaN;NaN;NaN;NaN;NaN;NaN;Ok;NaN;NaN;NaN;NaN;NaN;NaN;NaN;NaN;NaN;NaN;2381;NaN;NaN
12.07.2025 01:00:00;42438317;NaN;NaNStt;NaN;NoneMsg;NaN;NaN;NaN;NaN;NaN;NaN;NaN;NaN;NaN;NaN;NaN;NaN;NaN;NaN;Ok;NaN;NaN;NaN;NaN;NaN;NaN;NaN;NaN;NaN;NaN;2381;NaN;NaN
12.07.2025 01:05:00;42438317;NaN;NaNStt;NaN;NoneMsg;NaN;NaN;NaN;NaN;NaN;NaN;NaN;NaN;NaN;NaN;NaN;NaN;NaN;NaN;Ok;NaN;NaN;NaN;NaN;NaN;NaN;NaN;NaN;NaN;NaN;2381;NaN;NaN
12.07.2025 01:10:00;42438317;NaN;NaNStt;NaN;NoneMsg;NaN;NaN;NaN;NaN;NaN;NaN;NaN;NaN;NaN;NaN;NaN;NaN;NaN;NaN;Ok;NaN;NaN;NaN;NaN;NaN;NaN;NaN;NaN;NaN;NaN;2381;NaN;NaN
12.07.2025 01:15:00;42438317;NaN;NaNStt;NaN;NoneMsg;NaN;NaN;NaN;NaN;NaN;NaN;NaN;NaN;NaN;NaN;NaN;NaN;NaN;NaN;Ok;NaN;NaN;NaN;NaN;NaN;NaN;NaN;NaN;NaN;NaN;2381;NaN;NaN
12.07.2025 01:20:00;42438317;NaN;NaNStt;NaN;NoneMsg;NaN;NaN;NaN;NaN;NaN;NaN;NaN;NaN;NaN;NaN;NaN;NaN;NaN;NaN;Ok;NaN;NaN;NaN;NaN;NaN;NaN;NaN;NaN;NaN;NaN;2381;NaN;NaN
12.07.2025 01:25:00;42438317;NaN;NaNStt;NaN;NoneMsg;NaN;NaN;NaN;NaN;NaN;NaN;NaN;NaN;NaN;NaN;NaN;NaN;NaN;NaN;Ok;NaN;NaN;NaN;NaN;NaN;NaN;NaN;NaN;NaN;NaN;2381;NaN;NaN
12.07.2025 01:30:00;42438317;NaN;NaNStt;NaN;NoneMsg;NaN;NaN;NaN;NaN;NaN;NaN;NaN;NaN;NaN;NaN;NaN;NaN;NaN;NaN;Ok;NaN;NaN;NaN;NaN;NaN;NaN;NaN;NaN;NaN;NaN;2381;NaN;NaN
12.07.2025 01:35:00;42438317;NaN;NaNStt;NaN;NoneMsg;NaN;NaN;NaN;NaN;NaN;NaN;NaN;NaN;NaN;NaN;NaN;NaN;NaN;NaN;Ok;NaN;NaN;NaN;NaN;NaN;NaN;NaN;NaN;NaN;NaN;2381;NaN;NaN
12.07.2025 01:40:00;42438317;NaN;NaNStt;NaN;NoneMsg;NaN;NaN;NaN;NaN;NaN;NaN;NaN;NaN;NaN;NaN;NaN;NaN;NaN;NaN;Ok;NaN;NaN;NaN;NaN;NaN;NaN;NaN;NaN;NaN;NaN;2381;NaN;NaN
12.07.2025 01:45:00;42438317;NaN;NaNStt;NaN;NoneMsg;NaN;NaN;NaN;NaN;NaN;NaN;NaN;NaN;NaN;NaN;NaN;NaN;NaN;NaN;Ok;NaN;NaN;NaN;NaN;NaN;NaN;NaN;NaN;NaN;NaN;2381;NaN;NaN
12.07.2025 01:50:00;42438317;NaN;NaNStt;NaN;NoneMsg;NaN;NaN;NaN;NaN;NaN;NaN;NaN;NaN;NaN;NaN;NaN;NaN;NaN;NaN;Ok;NaN;NaN;NaN;NaN;NaN;NaN;NaN;NaN;NaN;NaN;2381;NaN;NaN
12.07.2025 01:55:00;42438317;NaN;NaNStt;NaN;NoneMsg;NaN;NaN;NaN;NaN;NaN;NaN;NaN;NaN;NaN;NaN;NaN;NaN;NaN;NaN;Ok;NaN;NaN;NaN;NaN;NaN;NaN;NaN;NaN;NaN;NaN;2381;NaN;NaN
12.07.2025 02:00:00;42438317;NaN;NaNStt;NaN;NoneMsg;NaN;NaN;NaN;NaN;NaN;NaN;NaN;NaN;NaN;NaN;NaN;NaN;NaN;NaN;Ok;NaN;NaN;NaN;NaN;NaN;NaN;NaN;NaN;NaN;NaN;2381;NaN;NaN
12.07.2025 02:05:00;42438317;NaN;NaNStt;NaN;NoneMsg;NaN;NaN;NaN;NaN;NaN;NaN;NaN;NaN;NaN;NaN;NaN;NaN;NaN;NaN;Ok;NaN;NaN;NaN;NaN;NaN;NaN;NaN;NaN;NaN;NaN;2381;NaN;NaN
12.07.2025 02:10:00;42438317;NaN;NaNStt;NaN;NoneMsg;NaN;NaN;NaN;NaN;NaN;NaN;NaN;NaN;NaN;NaN;NaN;NaN;NaN;NaN;Ok;NaN;NaN;NaN;NaN;NaN;NaN;NaN;NaN;NaN;NaN;2381;NaN;NaN
12.07.2025 02:15:00;42438317;NaN;NaNStt;NaN;NoneMsg;NaN;NaN;NaN;NaN;NaN;NaN;NaN;NaN;NaN;NaN;NaN;NaN;NaN;NaN;Ok;NaN;NaN;NaN;NaN;NaN;NaN;NaN;NaN;NaN;NaN;2381;NaN;NaN
12.07.2025 02:20:00;42438317;NaN;NaNStt;NaN;NoneMsg;NaN;NaN;NaN;NaN;NaN;NaN;NaN;NaN;NaN;NaN;NaN;NaN;NaN;NaN;Ok;NaN;NaN;NaN;NaN;NaN;NaN;NaN;NaN;NaN;NaN;2381;NaN;NaN
12.07.2025 02:25:00;42438317;NaN;NaNStt;NaN;NoneMsg;NaN;NaN;NaN;NaN;NaN;NaN;NaN;NaN;NaN;NaN;NaN;NaN;NaN;NaN;Ok;NaN;NaN;NaN;NaN;NaN;NaN;NaN;NaN;NaN;NaN;2381;NaN;NaN
12.07.2025 02:30:00;42438317;NaN;NaNStt;NaN;NoneMsg;NaN;NaN;NaN;NaN;NaN;NaN;NaN;NaN;NaN;NaN;NaN;NaN;NaN;NaN;Ok;NaN;NaN;NaN;NaN;NaN;NaN;NaN;NaN;NaN;NaN;2381;NaN;NaN
12.07.2025 02:35:00;42438317;NaN;NaNStt;NaN;NoneMsg;NaN;NaN;NaN;NaN;NaN;NaN;NaN;NaN;NaN;NaN;NaN;NaN;NaN;NaN;Ok;NaN;NaN;NaN;NaN;NaN;NaN;NaN;NaN;NaN;NaN;2381;NaN;NaN
12.07.2025 02:40:00;42438317;NaN;NaNStt;NaN;NoneMsg;NaN;NaN;NaN;NaN;NaN;NaN;NaN;NaN;NaN;NaN;NaN;NaN;NaN;NaN;Ok;NaN;NaN;NaN;NaN;NaN;NaN;NaN;NaN;NaN;NaN;2381;NaN;NaN
12.07.2025 02:45:00;42438317;NaN;NaNStt;NaN;NoneMsg;NaN;NaN;NaN;NaN;NaN;NaN;NaN;NaN;NaN;NaN;NaN;NaN;NaN;NaN;Ok;NaN;NaN;NaN;NaN;NaN;NaN;NaN;NaN;NaN;NaN;2381;NaN;NaN
12.07.2025 02:50:00;42438317;NaN;NaNStt;NaN;NoneMsg;NaN;NaN;NaN;NaN;NaN;NaN;NaN;NaN;NaN;NaN;NaN;NaN;NaN;NaN;Ok;NaN;NaN;NaN;NaN;NaN;NaN;NaN;NaN;NaN;NaN;2381;NaN;NaN
12.07.2025 02:55:00;42438317;NaN;NaNStt;NaN;NoneMsg;NaN;NaN;NaN;NaN;NaN;NaN;NaN;NaN;NaN;NaN;NaN;NaN;NaN;NaN;Ok;NaN;NaN;NaN;NaN;NaN;NaN;NaN;NaN;NaN;NaN;2381;NaN;NaN
12.07.2025 03:00:00;42438317;NaN;NaNStt;NaN;NoneMsg;NaN;NaN;NaN;NaN;NaN;NaN;NaN;NaN;NaN;NaN;NaN;NaN;NaN;NaN;Ok;NaN;NaN;NaN;NaN;NaN;NaN;NaN;NaN;NaN;NaN;2381;NaN;NaN
12.07.2025 03:05:00;42438317;NaN;NaNStt;NaN;NoneMsg;NaN;NaN;NaN;NaN;NaN;NaN;NaN;NaN;NaN;NaN;NaN;NaN;NaN;NaN;Ok;NaN;NaN;NaN;NaN;NaN;NaN;NaN;NaN;NaN;NaN;2381;NaN;NaN
12.07.2025 03:10:00;42438317;NaN;NaNStt;NaN;NoneMsg;NaN;NaN;NaN;NaN;NaN;NaN;NaN;NaN;NaN;NaN;NaN;NaN;NaN;NaN;Ok;NaN;NaN;NaN;NaN;NaN;NaN;NaN;NaN;NaN;NaN;2381;NaN;NaN
12.07.2025 03:15:00;42438317;NaN;NaNStt;NaN;NoneMsg;NaN;NaN;NaN;NaN;NaN;NaN;NaN;NaN;NaN;NaN;NaN;NaN;NaN;NaN;Ok;NaN;NaN;NaN;NaN;NaN;NaN;NaN;NaN;NaN;NaN;2381;NaN;NaN
12.07.2025 03:20:00;42438317;NaN;NaNStt;NaN;NoneMsg;NaN;NaN;NaN;NaN;NaN;NaN;NaN;NaN;NaN;NaN;NaN;NaN;NaN;NaN;Ok;NaN;NaN;NaN;NaN;NaN;NaN;NaN;NaN;NaN;NaN;2381;NaN;NaN
12.07.2025 03:25:00;42438317;NaN;NaNStt;NaN;NoneMsg;NaN;NaN;NaN;NaN;NaN;NaN;NaN;NaN;NaN;NaN;NaN;NaN;NaN;NaN;Ok;NaN;NaN;NaN;NaN;NaN;NaN;NaN;NaN;NaN;NaN;2381;NaN;NaN
12.07.2025 03:30:00;42438317;NaN;NaNStt;NaN;NoneMsg;NaN;NaN;NaN;NaN;NaN;NaN;NaN;NaN;NaN;NaN;NaN;NaN;NaN;NaN;Ok;NaN;NaN;NaN;NaN;NaN;NaN;NaN;NaN;NaN;NaN;2381;NaN;NaN
12.07.2025 03:35:00;42438317;NaN;NaNStt;NaN;NoneMsg;NaN;NaN;NaN;NaN;NaN;NaN;NaN;NaN;NaN;NaN;NaN;NaN;NaN;NaN;Ok;NaN;NaN;NaN;NaN;NaN;NaN;NaN;NaN;NaN;NaN;2381;NaN;NaN
12.07.2025 03:40:00;42438317;NaN;NaNStt;NaN;NoneMsg;NaN;NaN;NaN;NaN;NaN;NaN;NaN;NaN;NaN;NaN;NaN;NaN;NaN;NaN;Ok;NaN;NaN;NaN;NaN;NaN;NaN;NaN;NaN;NaN;NaN;2381;NaN;NaN
12.07.2025 03:45:00;42438317;NaN;NaNStt;NaN;NoneMsg;NaN;NaN;NaN;NaN;NaN;NaN;NaN;NaN;NaN;NaN;NaN;NaN;NaN;NaN;Ok;NaN;NaN;NaN;NaN;NaN;NaN;NaN;NaN;NaN;NaN;2381;NaN;NaN
12.07.2025 03:50:00;42438317;NaN;NaNStt;NaN;NoneMsg;NaN;NaN;NaN;NaN;NaN;NaN;NaN;NaN;NaN;NaN;NaN;NaN;NaN;NaN;Ok;NaN;NaN;NaN;NaN;NaN;NaN;NaN;NaN;NaN;NaN;2381;NaN;NaN
12.07.2025 03:55:00;42438317;NaN;NaNStt;NaN;NoneMsg;NaN;NaN;NaN;NaN;NaN;NaN;NaN;NaN;NaN;NaN;NaN;NaN;NaN;NaN;Ok;NaN;NaN;NaN;NaN;NaN;NaN;NaN;NaN;NaN;NaN;2381;NaN;NaN
12.07.2025 04:00:00;42438317;NaN;NaNStt;NaN;NoneMsg;NaN;NaN;NaN;NaN;NaN;NaN;NaN;NaN;NaN;NaN;NaN;NaN;NaN;NaN;Ok;NaN;NaN;NaN;NaN;NaN;NaN;NaN;NaN;NaN;NaN;2381;NaN;NaN
12.07.2025 04:05:00;42438317;NaN;NaNStt;NaN;NoneMsg;NaN;NaN;NaN;NaN;NaN;NaN;NaN;NaN;NaN;NaN;NaN;NaN;NaN;NaN;Ok;NaN;NaN;NaN;NaN;NaN;NaN;NaN;NaN;NaN;NaN;2381;NaN;NaN
12.07.2025 04:10:00;42438317;NaN;NaNStt;NaN;NoneMsg;NaN;NaN;NaN;NaN;NaN;NaN;NaN;NaN;NaN;NaN;NaN;NaN;NaN;NaN;Ok;NaN;NaN;NaN;NaN;NaN;NaN;NaN;NaN;NaN;NaN;2381;NaN;NaN
12.07.2025 04:15:00;42438317;NaN;NaNStt;NaN;NoneMsg;NaN;NaN;NaN;NaN;NaN;NaN;NaN;NaN;NaN;NaN;NaN;NaN;NaN;NaN;Ok;NaN;NaN;NaN;NaN;NaN;NaN;NaN;NaN;NaN;NaN;2381;NaN;NaN
12.07.2025 04:20:00;42438317;NaN;NaNStt;NaN;NoneMsg;NaN;NaN;NaN;NaN;NaN;NaN;NaN;NaN;NaN;NaN;NaN;NaN;NaN;NaN;Ok;NaN;NaN;NaN;NaN;NaN;NaN;NaN;NaN;NaN;NaN;2381;NaN;NaN
12.07.2025 04:25:00;42438317;NaN;NaNStt;NaN;NoneMsg;NaN;NaN;NaN;NaN;NaN;NaN;NaN;NaN;NaN;NaN;NaN;NaN;NaN;NaN;Ok;NaN;NaN;NaN;NaN;NaN;NaN;NaN;NaN;NaN;NaN;2381;NaN;NaN
12.07.2025 04:30:00;42438317;NaN;NaNStt;NaN;NoneMsg;NaN;NaN;NaN;NaN;NaN;NaN;NaN;NaN;NaN;NaN;NaN;NaN;NaN;NaN;Ok;NaN;NaN;NaN;NaN;NaN;NaN;NaN;NaN;NaN;NaN;2381;NaN;NaN
12.07.2025 04:35:00;42438317;NaN;NaNStt;NaN;NoneMsg;NaN;NaN;NaN;NaN;NaN;NaN;NaN;NaN;NaN;NaN;NaN;NaN;NaN;NaN;Ok;NaN;NaN;NaN;NaN;NaN;NaN;NaN;NaN;NaN;NaN;2381;NaN;NaN
12.07.2025 04:40:00;42438317;NaN;NaNStt;NaN;NoneMsg;NaN;NaN;NaN;NaN;NaN;NaN;NaN;NaN;NaN;NaN;NaN;NaN;NaN;NaN;Ok;NaN;NaN;NaN;NaN;NaN;NaN;NaN;NaN;NaN;NaN;2381;NaN;NaN
12.07.2025 04:45:00;42438317;NaN;NaNStt;NaN;NoneMsg;NaN;NaN;NaN;NaN;NaN;NaN;NaN;NaN;NaN;NaN;NaN;NaN;NaN;NaN;Ok;NaN;NaN;NaN;NaN;NaN;NaN;NaN;NaN;NaN;NaN;2381;NaN;NaN
12.07.2025 04:50:00;42438317;NaN;NaNStt;NaN;NoneMsg;NaN;NaN;NaN;NaN;NaN;NaN;NaN;NaN;NaN;NaN;NaN;NaN;NaN;NaN;Ok;NaN;NaN;NaN;NaN;NaN;NaN;NaN;NaN;NaN;NaN;2381;NaN;NaN
12.07.2025 04:55:00;42438317;NaN;NaNStt;NaN;NoneMsg;NaN;NaN;NaN;NaN;NaN;NaN;NaN;NaN;NaN;NaN;NaN;NaN;NaN;NaN;Ok;NaN;NaN;NaN;NaN;NaN;NaN;NaN;NaN;NaN;NaN;2381;NaN;NaN
12.07.2025 05:00:00;42438317;NaN;NaNStt;NaN;NoneMsg;NaN;NaN;NaN;NaN;NaN;NaN;NaN;NaN;NaN;NaN;NaN;NaN;NaN;NaN;Ok;NaN;NaN;NaN;NaN;NaN;NaN;NaN;NaN;NaN;NaN;2381;NaN;NaN
12.07.2025 05:05:00;42438317;NaN;NaNStt;NaN;NoneMsg;NaN;NaN;NaN;NaN;NaN;NaN;NaN;NaN;NaN;NaN;NaN;NaN;NaN;NaN;Ok;NaN;NaN;NaN;NaN;NaN;NaN;NaN;NaN;NaN;NaN;2381;NaN;NaN
12.07.2025 05:10:00;42438317;NaN;NaNStt;NaN;NoneMsg;NaN;NaN;NaN;NaN;NaN;NaN;NaN;NaN;NaN;NaN;NaN;NaN;NaN;NaN;Ok;NaN;NaN;NaN;NaN;NaN;NaN;NaN;NaN;NaN;NaN;2381;NaN;NaN
12.07.2025 05:15:00;42438317;NaN;NaNStt;NaN;NoneMsg;NaN;NaN;NaN;NaN;NaN;NaN;NaN;NaN;NaN;NaN;NaN;NaN;NaN;NaN;Ok;NaN;NaN;NaN;NaN;NaN;NaN;NaN;NaN;NaN;NaN;2381;NaN;NaN
12.07.2025 05:20:00;42438317;NaN;NaNStt;NaN;NoneMsg;NaN;NaN;NaN;NaN;NaN;NaN;NaN;NaN;NaN;NaN;NaN;NaN;NaN;NaN;Ok;NaN;NaN;NaN;NaN;NaN;NaN;NaN;NaN;NaN;NaN;2381;NaN;NaN
12.07.2025 05:25:00;42438317;NaN;NaNStt;NaN;NoneMsg;NaN;NaN;NaN;NaN;NaN;NaN;NaN;NaN;NaN;NaN;NaN;NaN;NaN;NaN;Ok;NaN;NaN;NaN;NaN;NaN;NaN;NaN;NaN;NaN;NaN;2381;NaN;NaN
12.07.2025 05:30:00;42438317;NaN;NaNStt;NaN;NoneMsg;NaN;NaN;NaN;NaN;NaN;NaN;NaN;NaN;NaN;NaN;NaN;NaN;NaN;NaN;Ok;NaN;NaN;NaN;NaN;NaN;NaN;NaN;NaN;NaN;NaN;2381;NaN;NaN
12.07.2025 05:35:00;42438317;NaN;NaNStt;NaN;NoneMsg;NaN;NaN;NaN;NaN;NaN;NaN;NaN;NaN;NaN;NaN;NaN;NaN;NaN;NaN;Ok;NaN;NaN;NaN;NaN;NaN;NaN;NaN;NaN;NaN;NaN;2381;NaN;NaN
12.07.2025 05:40:00;42438317;NaN;NaNStt;NaN;NoneMsg;50.03;0;0;0;0;227.77;231.87;230.85;NaN;NaN;NaN;0.000;0.000;0.000;Ok;0;0;125.52;200.94;0.000;0.000;NaN;NaN;NaN;NaN;2381;3000000;0.000
12.07.2025 05:45:00;42438317;NaN;NaNStt;NaN;NoneMsg;50.00;0;0;0;0;227.65;232.03;231.49;NaN;NaN;NaN;0.000;0.000;0.000;Ok;0;0;126.41;232.58;0.000;0.000;NaN;NaN;NaN;NaN;2381;3000000;0.000
12.07.2025 05:50:00;42438317;NaN;NaNStt;NaN;NoneMsg;50.00;0;0;0;0;227.79;231.79;231.45;NaN;NaN;NaN;0.000;0.000;0.000;Ok;0;0;127.49;267.85;0.000;0.000;NaN;NaN;NaN;NaN;2381;3000000;0.000
12.07.2025 05:55:00;42438317;NaN;NaNStt;NaN;NoneMsg;50.01;0;0;0;0;227.91;232.01;231.47;NaN;NaN;NaN;0.000;0.000;0.000;Ok;0;0;129.99;363.39;0.000;0.000;NaN;NaN;NaN;NaN;2381;3000000;0.000
12.07.2025 06:00:00;42438317;NaN;NaNStt;NaN;NoneMsg;50.01;0;0;0;0;227.26;231.54;230.94;NaN;NaN;NaN;0.000;0.000;0.000;Ok;0;0;132.91;426.53;0.000;0.000;NaN;NaN;NaN;NaN;2381;3000000;0.000
12.07.2025 06:05:00;42438317;NaN;NaNStt;NaN;NoneMsg;49.96;0;0;0;0;226.70;231.39;231.24;NaN;NaN;NaN;0.000;0.000;0.000;Ok;0;0;133.75;433.60;0.000;0.000;NaN;NaN;NaN;NaN;2381;3000000;0.000
12.07.2025 06:10:00;42438317;NaN;NaNStt;NaN;NoneMsg;49.97;0;0;0;0;227.20;231.67;231.08;NaN;NaN;NaN;0.000;0.000;0.000;Ok;0;0;134.16;435.68;0.000;0.000;NaN;NaN;NaN;NaN;2381;3000000;0.000
12.07.2025 06:15:00;42438317;NaN;NaNStt;NaN;NoneMsg;49.99;0;0;0;0;226.91;231.72;231.42;NaN;NaN;NaN;0.000;0.000;0.000;Ok;0;0;217.45;440.78;0.000;0.000;NaN;NaN;NaN;NaN;2381;3000000;0.000
12.07.2025 06:20:00;42438317;NaN;NaNStt;NaN;NoneMsg;50.00;0;0;0;0;227.52;231.99;230.81;NaN;NaN;NaN;0.000;0.000;0.000;Ok;0;0;300.01;486.54;0.000;0.000;NaN;NaN;NaN;NaN;2381;3000000;0.000
12.07.2025 06:25:00;42438317;NaN;NaNStt;NaN;NoneMsg;50.00;0;0;0;0;227.71;231.92;230.60;NaN;NaN;NaN;0.000;0.000;0.000;Ok;0;0;333.62;527.19;0.000;0.000;NaN;NaN;NaN;NaN;2381;3000000;0.000
12.07.2025 06:30:00;42438319;0.996;NaNStt;NaN;NoneMsg;50.01;31;10;11;10;227.35;231.50;231.14;NaN;NaN;NaN;0.087;0.101;0.101;Ok;12;28;304.90;482.15;0.047;0.066;NaN;NaN;NaN;NaN;2382;2263591;0.002
12.07.2025 06:35:00;42438326;1.000;NaNStt;NaN;NoneMsg;49.99;84;28;29;28;227.14;231.67;230.99;NaN;NaN;NaN;0.186;0.209;0.203;Ok;31;83;273.43;457.80;0.114;0.183;NaN;NaN;NaN;NaN;2382;2263591;0.003
12.07.2025 06:40:00;42438335;1.000;NaNStt;NaN;NoneMsg;50.00;101;33;34;33;227.50;231.91;230.97;NaN;NaN;NaN;0.203;0.221;0.212;Ok;35;95;280.10;433.24;0.128;0.220;NaN;NaN;NaN;NaN;2382;2263591;0.003
12.07.2025 06:45:00;42438343;1.000;NaNStt;NaN;NoneMsg;49.99;101;33;34;34;227.50;231.95;230.97;NaN;NaN;NaN;0.199;0.217;0.211;Ok;36;94;280.72;436.25;0.129;0.216;NaN;NaN;NaN;NaN;2382;2263591;0.003
12.07.2025 06:50:00;42438351;1.000;NaNStt;NaN;NoneMsg;50.00;89;29;31;29;227.44;231.57;231.09;NaN;NaN;NaN;0.186;0.211;0.197;Ok;31;86;283.01;453.88;0.113;0.191;NaN;NaN;NaN;NaN;2382;2263591;0.003
12.07.2025 06:55:00;42438360;1.000;NaNStt;NaN;NoneMsg;50.00;109;36;37;36;227.06;232.18;231.23;NaN;NaN;NaN;0.211;0.229;0.217;Ok;37;98;278.43;432.72;0.137;0.229;NaN;NaN;NaN;NaN;2382;2263591;0.003
12.07.2025 07:00:00;42438371;1.000;NaNStt;NaN;NoneMsg;49.99;134;44;46;45;228.34;231.25;230.98;NaN;NaN;NaN;0.237;0.258;0.246;Ok;55;112;281.40;403.17;0.200;0.281;NaN;NaN;NaN;NaN;2382;2263591;0.003
12.07.2025 07:05:00;42438385;1.000;NaNStt;NaN;NoneMsg;49.97;170;56;57;57;228.68;230.75;230.98;NaN;NaN;NaN;0.282;0.298;0.295;Ok;72;131;298.63;392.80;0.244;0.334;NaN;NaN;NaN;NaN;2382;2263591;0.003
12.07.2025 07:10:00;42438406;1.000;NaNStt;NaN;NoneMsg;49.98;246;81;82;82;229.73;231.35;231.35;NaN;NaN;NaN;0.385;0.395;0.391;Ok;95;187;314.23;426.93;0.303;0.438;NaN;NaN;NaN;NaN;2382;2263591;0.003
12.07.2025 07:15:00;42438423;1.000;NaNStt;NaN;NoneMsg;49.98;206;68;69;69;230.11;230.36;231.19;NaN;NaN;NaN;0.332;0.346;0.341;Ok;80;163;300.88;447.65;0.271;0.367;NaN;NaN;NaN;NaN;2382;2263591;0.003
12.07.2025 07:20:00;42438437;1.000;NaNStt;NaN;NoneMsg;50.00;172;57;57;58;229.36;229.43;229.99;NaN;NaN;NaN;0.288;0.304;0.298;Ok;69;141;292.96;462.88;0.238;0.306;NaN;NaN;NaN;NaN;2382;2263591;0.003
12.07.2025 07:25:00;42438448;1.000;NaNStt;NaN;NoneMsg;50.01;131;43;44;44;229.48;229.89;230.74;NaN;NaN;NaN;0.235;0.253;0.249;Ok;54;108;284.74;494.94;0.193;0.220;NaN;NaN;NaN;NaN;2382;2263591;0.003
12.07.2025 07:30:00;42438465;1.000;NaNStt;NaN;NoneMsg;50.02;204;68;68;68;229.31;230.57;230.73;NaN;NaN;NaN;0.328;0.341;0.339;Ok;82;157;300.32;454.63;0.274;0.352;NaN;NaN;NaN;NaN;2382;2263591;0.003
12.07.2025 07:35:00;42438485;1.000;NaNStt;NaN;NoneMsg;50.01;235;78;79;79;229.78;230.87;231.01;NaN;NaN;NaN;0.369;0.382;0.376;Ok;91;179;312.21;432.74;0.293;0.417;NaN;NaN;NaN;NaN;2382;2263591;0.003
12.07.2025 07:40:00;42438504;1.000;NaNStt;NaN;NoneMsg;50.02;236;78;79;79;229.78;230.61;230.91;NaN;NaN;NaN;0.375;0.386;0.384;Ok;90;180;311.83;431.21;0.291;0.421;NaN;NaN;NaN;NaN;2382;2263591;0.003
12.07.2025 07:45:00;42438529;1.000;NaNStt;NaN;NoneMsg;50.03;291;96;97;97;229.92;231.11;230.83;NaN;NaN;NaN;0.448;0.462;0.451;Ok;104;217;313.55;460.99;0.335;0.473;NaN;NaN;NaN;NaN;2382;2263591;0.003
12.07.2025 07:50:00;42438560;1.000;NaNStt;NaN;NoneMsg;50.01;376;124;126;126;229.80;230.90;230.77;NaN;NaN;NaN;0.562;0.577;0.570;Ok;132;275;306.47;467.11;0.434;0.589;NaN;NaN;NaN;NaN;2382;2263591;0.003
12.07.2025 07:55:00;42438591;1.000;NaNStt;NaN;NoneMsg;50.02;370;122;124;124;229.50;230.95;230.87;NaN;NaN;NaN;0.551;0.567;0.563;Ok;130;272;299.05;489.98;0.437;0.557;NaN;NaN;NaN;NaN;2382;2263591;0.003
12.07.2025 08:00:00;42438624;1.000;NaNStt;NaN;NoneMsg;50.00;394;129;132;132;228.49;230.77;230.94;NaN;NaN;NaN;0.584;0.598;0.598;Ok;137;287;314.10;485.83;0.439;0.593;NaN;NaN;NaN;NaN;2382;2263591;0.003
12.07.2025 08:05:00;42438655;1.000;NaNStt;NaN;NoneMsg;49.94;380;125;127;128;227.68;229.60;229.84;NaN;NaN;NaN;0.571;0.583;0.583;Ok;132;278;311.97;484.45;0.426;0.576;NaN;NaN;NaN;NaN;2382;2263591;0.003
12.07.2025 08:10:00;42438681;1.000;NaNStt;NaN;NoneMsg;49.97;307;101;103;103;227.07;229.60;228.98;NaN;NaN;NaN;0.475;0.482;0.480;Ok;108;228;311.81;484.45;0.348;0.472;NaN;NaN;NaN;NaN;2382;2263591;0.003
12.07.2025 08:15:00;42438702;1.000;NaNStt;NaN;NoneMsg;50.02;259;86;86;87;228.81;229.84;229.07;NaN;NaN;NaN;0.410;0.413;0.412;Ok;93;197;307.88;478.16;0.304;0.414;NaN;NaN;NaN;NaN;2382;2263591;0.003
12.07.2025 08:20:00;42438722;1.000;NaNStt;NaN;NoneMsg;50.02;240;79;80;81;228.07;229.88;229.91;NaN;NaN;NaN;0.383;0.390;0.389;Ok;89;183;307.58;483.30;0.290;0.380;NaN;NaN;NaN;NaN;2382;2263591;0.003
12.07.2025 08:25:00;42438744;1.000;NaNStt;NaN;NoneMsg;50.03;261;86;87;88;228.29;229.95;230.14;NaN;NaN;NaN;0.412;0.421;0.419;Ok;94;198;310.02;477.13;0.304;0.417;NaN;NaN;NaN;NaN;2382;2263591;0.003
12.07.2025 08:30:00;42438775;1.000;NaNStt;NaN;NoneMsg;50.03;367;121;123;123;228.82;230.53;230.12;NaN;NaN;NaN;0.554;0.566;0.563;Ok;127;269;313.80;472.89;0.409;0.568;NaN;NaN;NaN;NaN;2382;2263591;0.003
12.07.2025 08:35:00;42438815;1.000;NaNStt;NaN;NoneMsg;50.00;479;158;160;161;228.85;231.20;231.07;NaN;NaN;NaN;0.709;0.717;0.719;Ok;168;345;316.33;481.57;0.534;0.716;NaN;NaN;NaN;NaN;2382;2263591;0.003
12.07.2025 08:40:00;42438865;1.000;NaNStt;NaN;NoneMsg;50.01;599;198;199;202;230.16;231.07;231.24;NaN;NaN;NaN;0.879;0.881;0.891;Ok;212;427;320.75;489.46;0.664;0.873;NaN;NaN;NaN;NaN;2382;2263591;0.003
12.07.2025 08:45:00;42438924;1.000;NaNStt;NaN;NoneMsg;50.01;707;234;234;238;230.62;231.15;231.49;NaN;NaN;NaN;1.030;1.032;1.049;Ok;244;501;322.24;497.29;0.761;1.010;NaN;NaN;NaN;NaN;2382;2263591;0.003
12.07.2025 08:50:00;42439007;1.000;NaNStt;NaN;NoneMsg;50.00;997;331;331;335;231.48;232.35;232.17;NaN;NaN;NaN;1.442;1.440;1.454;Ok;345;698;331.51;501.52;1.044;1.393;NaN;NaN;NaN;NaN;2382;2263591;0.004
12.07.2025 08:55:00;42439098;1.000;NaNStt;NaN;NoneMsg;50.01;1081;358;360;363;230.98;232.81;232.64;NaN;NaN;NaN;1.558;1.562;1.573;Ok;376;755;327.08;498.90;1.154;1.515;NaN;NaN;NaN;NaN;2382;2263591;0.004
12.07.2025 09:00:00;42439192;1.000;NaNStt;NaN;NoneMsg;50.00;1132;375;376;381;231.75;232.60;232.86;NaN;NaN;NaN;1.628;1.629;1.648;Ok;392;791;333.41;502.82;1.178;1.574;NaN;NaN;NaN;NaN;2382;2263591;0.004
12.07.2025 09:05:00;42439298;1.000;NaNStt;NaN;NoneMsg;49.94;1268;421;421;426;231.16;231.59;231.34;NaN;NaN;NaN;1.831;1.830;1.853;Ok;430;892;333.88;503.22;1.291;1.774;NaN;NaN;NaN;NaN;2382;2263591;0.004
12.07.2025 09:10:00;42439417;1.000;NaNStt;NaN;NoneMsg;49.92;1422;469;473;480;229.67;231.55;232.53;NaN;NaN;NaN;2.049;2.054;2.076;Ok;483;999;331.85;504.54;1.460;1.980;NaN;NaN;NaN;NaN;2382;2263591;0.004
12.07.2025 09:15:00;42439543;1.000;NaNStt;NaN;NoneMsg;49.99;1519;502;505;512;230.43;232.29;233.09;NaN;NaN;NaN;2.186;2.186;2.206;Ok;514;1067;331.23;505.54;1.553;2.112;NaN;NaN;NaN;NaN;2382;2263591;0.004
12.07.2025 09:20:00;42439669;1.000;NaNStt;NaN;NoneMsg;50.00;1505;497;502;507;229.75;232.23;232.81;NaN;NaN;NaN;2.169;2.171;2.186;Ok;506;1060;333.63;506.31;1.520;2.095;NaN;NaN;NaN;NaN;2382;2263591;0.004
12.07.2025 09:25:00;42439793;1.000;NaNStt;NaN;NoneMsg;50.02;1498;494;500;505;229.61;232.21;232.95;NaN;NaN;NaN;2.158;2.163;2.175;Ok;502;1057;331.58;503.89;1.516;2.100;NaN;NaN;NaN;NaN;2382;2263591;0.004
12.07.2025 09:30:00;42439920;1.000;NaNStt;NaN;NoneMsg;50.01;1516;502;501;513;230.62;229.74;233.29;NaN;NaN;NaN;2.184;2.188;2.208;Ok;508;1068;330.72;502.88;1.540;2.127;NaN;NaN;NaN;NaN;2382;2263591;0.004
12.07.2025 09:35:00;42440053;1.000;NaNStt;NaN;NoneMsg;50.00;1599;531;525;542;231.50;229.06;233.84;NaN;NaN;NaN;2.302;2.302;2.328;Ok;530;1132;338.31;504.75;1.570;2.244;NaN;NaN;NaN;NaN;2382;2263591;0.004
12.07.2025 09:40:00;42440193;1.000;NaNStt;NaN;NoneMsg;50.02;1680;560;552;568;232.62;229.50;233.59;NaN;NaN;NaN;2.414;2.410;2.440;Ok;565;1181;346.86;505.92;1.632;2.336;NaN;NaN;NaN;NaN;2382;2263591;0.004
12.07.2025 09:45:00;42440338;1.000;NaNStt;NaN;NoneMsg;50.00;1737;581;569;587;233.52;229.58;234.03;NaN;NaN;NaN;2.492;2.482;2.517;Ok;585;1219;340.47;503.47;1.724;2.423;NaN;NaN;NaN;NaN;2382;2263591;0.004
12.07.2025 09:50:00;42440524;1.000;NaNStt;NaN;NoneMsg;49.99;2219;740;735;744;237.94;237.63;238.29;NaN;NaN;NaN;3.114;3.096;3.128;Ok;646;1654;337.20;507.23;1.918;3.260;NaN;NaN;NaN;NaN;2382;2263591;0.004
12.07.2025 09:55:00;42440710;1.000;NaNStt;NaN;NoneMsg;50.04;2238;745;742;751;238.49;238.93;239.41;NaN;NaN;NaN;3.129;3.112;3.144;Ok;593;1725;337.02;506.40;1.764;3.410;NaN;NaN;NaN;NaN;2382;2263591;0.004
12.07.2025 10:00:00;42440892;1.000;NaNStt;NaN;NoneMsg;50.02;2187;731;717;739;240.65;236.86;240.76;NaN;NaN;NaN;3.043;3.034;3.075;Ok;692;1582;205.85;504.89;3.922;3.136;NaN;NaN;NaN;NaN;2382;2263591;0.004
12.07.2025 10:05:00;42441091;1.000;NaNStt;NaN;NoneMsg;49.98;2397;800;790;807;239.88;237.84;239.98;NaN;NaN;NaN;3.337;3.326;3.368;Ok;806;1687;153.93;504.39;5.265;3.345;NaN;NaN;NaN;NaN;2382;2263591;0.004
12.07.2025 10:10:00;42441188;1.000;NaNStt;NaN;NoneMsg;49.98;1174;390;388;396;233.36;232.42;233.79;NaN;NaN;NaN;1.679;1.680;1.709;Ok;334;892;212.56;490.91;1.665;1.817;NaN;NaN;NaN;NaN;2382;2263591;0.004
12.07.2025 10:15:00;42441286;1.000;NaNStt;NaN;NoneMsg;50.00;1147;380;381;386;233.46;234.19;234.51;NaN;NaN;NaN;1.637;1.638;1.658;Ok;354;842;312.64;494.16;1.169;1.704;NaN;NaN;NaN;NaN;2382;2263591;0.004
12.07.2025 10:20:00;42441503;1.000;NaNStt;NaN;NoneMsg;50.00;2603;867;864;872;239.64;240.42;239.67;NaN;NaN;NaN;3.623;3.600;3.642;Ok;889;1815;162.17;504.43;5.492;3.599;NaN;NaN;NaN;NaN;2382;2263591;0.004
12.07.2025 10:25:00;42441733;1.000;NaNStt;NaN;NoneMsg;50.00;2752;916;911;925;240.49;240.45;241.32;NaN;NaN;NaN;3.813;3.796;3.838;Ok;949;1908;171.59;500.31;5.543;3.815;NaN;NaN;NaN;NaN;2382;2263591;0.004
12.07.2025 10:30:00;42441992;1.000;NaNStt;NaN;NoneMsg;50.01;3098;1034;1018;1046;240.64;237.90;241.39;NaN;NaN;NaN;4.299;4.288;4.339;Ok;1056;2160;174.24;497.74;6.066;4.341;NaN;NaN;NaN;NaN;2382;2263591;0.004
12.07.2025 10:35:00;42442291;1.000;NaNStt;NaN;NoneMsg;49.98;3604;1206;1182;1216;241.60;237.99;241.96;NaN;NaN;NaN;4.990;4.972;5.026;Ok;1217;2522;185.32;497.03;6.588;5.079;NaN;NaN;NaN;NaN;2382;2263591;0.004
12.07.2025 10:40:00;42442548;1.000;NaNStt;NaN;NoneMsg;50.00;3100;1034;1021;1045;238.53;236.35;239.47;NaN;NaN;NaN;4.331;4.320;4.361;Ok;1071;2143;219.18;498.45;4.978;4.296;NaN;NaN;NaN;NaN;2382;2263591;0.004
12.07.2025 10:45:00;42442793;1.000;NaNStt;NaN;NoneMsg;50.02;2944;981;971;992;237.20;235.42;238.33;NaN;NaN;NaN;4.135;4.120;4.164;Ok;1093;1960;239.48;497.78;4.586;3.940;NaN;NaN;NaN;NaN;2382;2263591;0.004
12.07.2025 10:50:00;42443046;1.000;NaNStt;NaN;NoneMsg;50.01;3017;1004;996;1018;237.02;236.24;239.01;NaN;NaN;NaN;4.228;4.215;4.255;Ok;1145;1984;243.10;493.94;4.722;4.020;NaN;NaN;NaN;NaN;2382;2263591;0.004
12.07.2025 10:55:00;42443362;1.000;NaNStt;NaN;NoneMsg;50.03;3768;1247;1250;1272;237.74;239.27;241.50;NaN;NaN;NaN;5.247;5.228;5.269;Ok;1482;2423;242.54;493.41;6.126;4.916;NaN;NaN;NaN;NaN;2382;2263591;0.004
12.07.2025 11:00:00;42443716;1.000;NaNStt;NaN;NoneMsg;50.04;4246;1398;1413;1435;236.76;240.12;241.96;NaN;NaN;NaN;5.908;5.891;5.933;Ok;1652;2748;239.49;487.98;6.902;5.634;NaN;NaN;NaN;NaN;2382;2263591;0.004
12.07.2025 11:05:00;42444071;1.000;NaNStt;NaN;NoneMsg;50.01;4261;1417;1411;1433;239.73;239.77;241.30;NaN;NaN;NaN;5.915;5.888;5.942;Ok;1631;2784;237.56;488.88;6.871;5.697;NaN;NaN;NaN;NaN;2382;2263591;0.004
12.07.2025 11:10:00;42444374;1.000;NaNStt;NaN;NoneMsg;50.01;3618;1200;1199;1219;236.48;237.36;239.06;NaN;NaN;NaN;5.070;5.051;5.096;Ok;1340;2409;242.95;497.17;5.554;4.856;NaN;NaN;NaN;NaN;2382;2263591;0.004
12.07.2025 11:15:00;42444737;1.000;NaNStt;NaN;NoneMsg;50.00;4364;1453;1450;1462;237.66;238.32;238.24;NaN;NaN;NaN;6.117;6.087;6.139;Ok;1760;2764;272.51;490.58;6.466;5.636;NaN;NaN;NaN;NaN;2382;2263591;0.004
12.07.2025 11:20:00;42445116;1.000;NaNStt;NaN;NoneMsg;50.02;4539;1506;1508;1525;237.76;239.03;239.70;NaN;NaN;NaN;6.341;6.315;6.361;Ok;1836;2872;268.27;488.92;6.848;5.878;NaN;NaN;NaN;NaN;2382;2263591;0.004
12.07.2025 11:25:00;42445508;1.000;NaNStt;NaN;NoneMsg;50.04;4701;1552;1552;1597;236.77;237.57;242.67;NaN;NaN;NaN;6.557;6.541;6.583;Ok;1922;2951;283.06;486.44;6.807;6.069;NaN;NaN;NaN;NaN;2382;2263591;0.004
12.07.2025 11:30:00;42445910;1.000;NaNStt;NaN;NoneMsg;50.03;4824;1606;1586;1633;238.40;236.12;241.31;NaN;NaN;NaN;6.742;6.724;6.773;Ok;2008;2992;291.44;484.88;6.895;6.172;NaN;NaN;NaN;NaN;2382;2263591;0.004
12.07.2025 11:35:00;42446319;1.000;NaNStt;NaN;NoneMsg;50.03;4899;1634;1610;1654;239.36;236.67;240.99;NaN;NaN;NaN;6.839;6.816;6.873;Ok;2034;3044;286.54;483.27;7.102;6.301;NaN;NaN;NaN;NaN;2382;2263591;0.004
12.07.2025 11:40:00;42446736;0.999;NaNStt;NaN;NoneMsg;50.04;5005;1679;1669;1657;240.11;240.02;236.36;NaN;NaN;NaN;7.007;6.962;7.020;Ok;2064;3125;286.39;483.46;7.211;6.465;NaN;NaN;NaN;NaN;2382;2263591;0.004
12.07.2025 11:45:00;42447164;1.000;NaNStt;NaN;NoneMsg;50.02;5123;1723;1705;1695;240.79;239.78;236.40;NaN;NaN;NaN;7.169;7.120;7.179;Ok;2097;3215;285.95;483.34;7.339;6.654;NaN;NaN;NaN;NaN;2382;2263591;0.004
12.07.2025 11:50:00;42447597;1.000;NaNStt;NaN;NoneMsg;50.00;5192;1738;1732;1723;240.01;240.53;237.50;NaN;NaN;NaN;7.254;7.212;7.265;Ok;2112;3271;286.65;480.96;7.375;6.804;NaN;NaN;NaN;NaN;2382;2263591;0.004
12.07.2025 11:55:00;42448039;1.000;NaNStt;NaN;NoneMsg;50.01;5300;1767;1769;1764;238.96;240.29;238.02;NaN;NaN;NaN;7.409;7.374;7.422;Ok;2146;3351;284.84;479.63;7.538;6.989;NaN;NaN;NaN;NaN;2382;2263591;0.004
12.07.2025 12:00:00;42448485;1.000;NaNStt;NaN;NoneMsg;50.02;5350;1797;1779;1774;241.02;240.03;237.48;NaN;NaN;NaN;7.468;7.425;7.480;Ok;2156;3395;284.36;477.35;7.585;7.115;NaN;NaN;NaN;NaN;2382;2263591;0.004
12.07.2025 12:05:00;42448935;1.000;NaNStt;NaN;NoneMsg;49.97;5413;1822;1799;1791;241.84;240.15;237.15;NaN;NaN;NaN;7.546;7.502;7.562;Ok;2167;3450;282.79;476.55;7.666;7.242;NaN;NaN;NaN;NaN;2382;2263591;0.004
12.07.2025 12:10:00;42449389;1.000;NaNStt;NaN;NoneMsg;49.97;5433;1824;1803;1806;241.75;240.34;238.66;NaN;NaN;NaN;7.558;7.515;7.574;Ok;2161;3477;284.68;476.20;7.596;7.304;NaN;NaN;NaN;NaN;2382;2263591;0.004
12.07.2025 12:15:00;42449864;1.000;NaNStt;NaN;NoneMsg;50.00;5695;1907;1884;1904;242.37;240.40;241.05;NaN;NaN;NaN;7.878;7.844;7.903;Ok;2254;3658;285.26;475.56;7.906;7.694;NaN;NaN;NaN;NaN;2382;2263591;0.004
12.07.2025 12:20:00;42450348;1.000;NaNStt;NaN;NoneMsg;50.02;5807;1935;1924;1948;241.20;240.75;242.03;NaN;NaN;NaN;8.030;7.996;8.051;Ok;2297;3733;282.77;472.57;8.126;7.901;NaN;NaN;NaN;NaN;2382;2263591;0.003
12.07.2025 12:25:00;42450844;1.000;NaNStt;NaN;NoneMsg;50.01;5956;1991;1971;1994;242.27;240.95;241.82;NaN;NaN;NaN;8.223;8.188;8.249;Ok;2358;3829;285.78;470.03;8.258;8.148;NaN;NaN;NaN;NaN;2382;2263591;0.004
12.07.2025 12:30:00;42451334;1.000;NaNStt;NaN;NoneMsg;50.00;5882;1969;1951;1963;242.32;241.49;240.88;NaN;NaN;NaN;8.128;8.086;8.150;Ok;2330;3778;288.55;471.44;8.081;8.015;NaN;NaN;NaN;NaN;2382;2263591;0.003
12.07.2025 12:35:00;42451825;1.000;NaNStt;NaN;NoneMsg;50.01;5891;1966;1956;1969;241.72;241.94;241.44;NaN;NaN;NaN;8.136;8.091;8.156;Ok;2329;3788;289.35;470.30;8.054;8.056;NaN;NaN;NaN;NaN;2382;2263591;0.003
12.07.2025 12:40:00;42452312;1.000;NaNStt;NaN;NoneMsg;50.02;5842;1945;1943;1954;239.35;240.46;239.89;NaN;NaN;NaN;8.130;8.088;8.148;Ok;2293;3770;290.64;473.82;7.895;7.959;NaN;NaN;NaN;NaN;2382;2263591;0.003
12.07.2025 12:45:00;42452801;1.000;NaNStt;NaN;NoneMsg;50.02;5861;1961;1925;1975;241.63;238.32;242.35;NaN;NaN;NaN;8.117;8.086;8.151;Ok;2294;3791;288.73;473.07;7.950;8.016;NaN;NaN;NaN;NaN;2382;2263591;0.003
12.07.2025 12:50:00;42453327;1.000;NaNStt;NaN;NoneMsg;49.99;6313;2113;2079;2121;242.52;239.84;242.65;NaN;NaN;NaN;8.716;8.675;8.743;Ok;2463;4094;288.67;473.45;8.535;8.648;NaN;NaN;NaN;NaN;2382;2263591;0.003
12.07.2025 12:55:00;42453856;1.000;NaNStt;NaN;NoneMsg;50.01;6342;2111;2101;2131;240.30;240.36;242.25;NaN;NaN;NaN;8.787;8.746;8.800;Ok;2490;4095;297.57;471.89;8.372;8.682;NaN;NaN;NaN;NaN;2382;2263591;0.003
12.07.2025 13:00:00;42454371;1.000;NaNStt;NaN;NoneMsg;50.00;6189;2066;2048;2076;240.63;239.66;241.28;NaN;NaN;NaN;8.587;8.550;8.606;Ok;2437;3987;299.03;471.99;8.155;8.448;NaN;NaN;NaN;NaN;2382;2263591;0.003
12.07.2025 13:05:00;42454909;1.000;NaNStt;NaN;NoneMsg;49.96;6451;2151;2140;2159;240.86;240.88;241.49;NaN;NaN;NaN;8.935;8.892;8.943;Ok;2528;4168;298.35;472.44;8.479;8.824;NaN;NaN;NaN;NaN;2382;2263591;0.003
12.07.2025 13:10:00;42455441;1.000;NaNStt;NaN;NoneMsg;49.99;6380;2131;2110;2139;241.75;240.54;242.28;NaN;NaN;NaN;8.821;8.776;8.832;Ok;2491;4134;298.34;471.28;8.353;8.775;NaN;NaN;NaN;NaN;2382;2263591;0.003
12.07.2025 13:15:00;42455974;1.000;NaNStt;NaN;NoneMsg;50.00;6407;2129;2119;2159;240.61;240.45;243.66;NaN;NaN;NaN;8.850;8.818;8.867;Ok;2489;4164;297.93;472.90;8.359;8.807;NaN;NaN;NaN;NaN;2382;2263591;0.003
12.07.2025 13:20:00;42456520;1.000;NaNStt;NaN;NoneMsg;50.01;6535;2164;2170;2200;240.74;242.35;244.38;NaN;NaN;NaN;8.994;8.960;9.004;Ok;2528;4258;297.39;473.32;8.504;8.997;NaN;NaN;NaN;NaN;2382;2263591;0.003
12.07.2025 13:25:00;42457083;1.000;NaNStt;NaN;NoneMsg;50.01;6761;2241;2246;2274;241.95;243.47;245.12;NaN;NaN;NaN;9.267;9.229;9.279;Ok;2611;4414;297.39;472.55;8.782;9.342;NaN;NaN;NaN;NaN;2382;2263591;0.003
12.07.2025 13:30:00;42457636;1.000;NaNStt;NaN;NoneMsg;50.01;6637;2229;2193;2215;245.02;242.41;242.93;NaN;NaN;NaN;9.101;9.051;9.120;Ok;2553;4342;294.82;472.76;8.666;9.187;NaN;NaN;NaN;NaN;2382;2263591;0.004
12.07.2025 13:35:00;42458181;1.000;NaNStt;NaN;NoneMsg;50.00;6538;2196;2159;2183;245.03;242.24;242.95;NaN;NaN;NaN;8.967;8.919;8.987;Ok;2504;4288;296.28;473.11;8.457;9.065;NaN;NaN;NaN;NaN;2382;2263591;0.004
12.07.2025 13:40:00;42458731;1.000;NaNStt;NaN;NoneMsg;50.01;6605;2216;2184;2204;245.18;242.93;243.22;NaN;NaN;NaN;9.045;8.995;9.065;Ok;2522;4340;294.74;472.88;8.560;9.181;NaN;NaN;NaN;NaN;2382;2263591;0.004
12.07.2025 13:45:00;42459292;1.000;NaNStt;NaN;NoneMsg;50.01;6722;2262;2217;2243;245.88;242.37;243.20;NaN;NaN;NaN;9.204;9.152;9.226;Ok;2557;4431;294.22;470.81;8.694;9.412;NaN;NaN;NaN;NaN;2382;2263591;0.003
12.07.2025 13:50:00;42459854;1.000;NaNStt;NaN;NoneMsg;50.02;6743;2267;2228;2248;245.99;243.12;243.36;NaN;NaN;NaN;9.220;9.170;9.238;Ok;2555;4454;294.34;470.63;8.685;9.465;NaN;NaN;NaN;NaN;2382;2263591;0.003
12.07.2025 13:55:00;42460430;0.999;NaNStt;NaN;NoneMsg;50.01;6917;2326;2291;2300;246.47;244.12;243.24;NaN;NaN;NaN;9.443;9.388;9.458;Ok;2609;4582;294.51;470.74;8.863;9.735;NaN;NaN;NaN;NaN;2382;2263591;0.003
12.07.2025 14:00:00;42461029;1.000;NaNStt;NaN;NoneMsg;50.03;7161;2410;2374;2377;246.46;244.53;242.71;NaN;NaN;NaN;9.783;9.713;9.797;Ok;2695;4754;292.23;468.97;9.227;10.141;NaN;NaN;NaN;NaN;2382;2263591;0.003
12.07.2025 14:05:00;42461657;1.000;NaNStt;NaN;NoneMsg;50.01;7510;2525;2484;2501;246.84;244.31;243.91;NaN;NaN;NaN;10.235;10.170;10.257;Ok;2822;4995;291.92;465.98;9.673;10.722;NaN;NaN;NaN;NaN;2382;2263591;0.003
12.07.2025 14:10:00;42462262;1.000;NaNStt;NaN;NoneMsg;50.00;7291;2450;2413;2429;246.88;244.63;244.25;NaN;NaN;NaN;9.928;9.866;9.946;Ok;2739;4851;289.97;464.53;9.452;10.445;NaN;NaN;NaN;NaN;2382;2263591;0.003
12.07.2025 14:15:00;42462851;1.000;NaNStt;NaN;NoneMsg;50.00;7064;2378;2331;2355;247.01;243.52;244.03;NaN;NaN;NaN;9.631;9.575;9.653;Ok;2646;4705;290.62;466.21;9.110;10.094;NaN;NaN;NaN;NaN;2382;2263591;0.003
